{
 "type": "FeatureCollection",
 "features": [
  {
   "type": "Feature",
   "geometry": {
    "type": "Point",
    "coordinates": [
     78.39850053983209,
     8.240780236818814
    ]
   },
   "properties": {
    "row": 438.0,
    "col": 538.0,
    "area_px": 11,
    "mean_intensity_db": -11.384362997108523,
    "max_intensity_db": -9.779935487674408,
    "local_background_db": -20.354823704024053,
    "contrast_db": 8.97046070691553,
    "tcr_db": 10.6,
    "eccentricity": 0.756,
    "solidity": 1.0,
    "aspect_ratio": 1.53,
    "fill_ratio": 0.73,
    "local_bg_from_global_median": false,
    "match_status": "UNMATCHED",
    "match_distance_m": 939.5,
    "matched_name": null,
    "matched_mmsi": null,
    "matched_flag": null,
    "matched_type": null,
    "gfw_association": "associated",
    "gfw_lon": 78.38999938964844,
    "gfw_lat": 8.24,
    "id": "2026-01-18-G01",
    "date": "2026-01-18",
    "cluster_id": 1,
    "cluster_size": 1,
    "crop": "2026-01-18-G01.png",
    "confidence_class": "CLUTTER",
    "confidence": 8,
    "reasons": [
     "contrast 9.0 dB, 11 px",
     "contrast below 12 dB evidence threshold: not separable from sea clutter at the current bar"
    ],
    "score_basis": "heuristic evidence/ranking score 0-100 (not a calibrated probability)",
    "ais_evidence": "gfw_reported_no_ais"
   }
  },
  {
   "type": "Feature",
   "geometry": {
    "type": "Point",
    "coordinates": [
     78.63579179993124,
     8.259578518838394
    ]
   },
   "properties": {
    "row": 449.1774193548387,
    "col": 397.11290322580646,
    "area_px": 62,
    "mean_intensity_db": 6.325419521933036,
    "max_intensity_db": 23.13507712042288,
    "local_background_db": -11.770259452503488,
    "contrast_db": 18.095678974436524,
    "tcr_db": 34.9,
    "eccentricity": 0.53,
    "solidity": 0.912,
    "aspect_ratio": 1.18,
    "fill_ratio": 0.62,
    "local_bg_from_global_median": false,
    "match_status": "MATCHED",
    "match_distance_m": 465.4,
    "matched_name": "KUO LUNG",
    "matched_mmsi": "351965000",
    "matched_flag": "PAN",
    "matched_type": "CARGO",
    "gfw_association": "associated",
    "gfw_lon": 78.63999938964844,
    "gfw_lat": 8.26,
    "id": "2026-01-30-G01",
    "date": "2026-01-30",
    "cluster_id": 2,
    "cluster_size": 1,
    "crop": "2026-01-30-G01.png",
    "confidence_class": "VESSEL_CANDIDATE",
    "confidence": 76,
    "reasons": [
     "contrast 18.1 dB, 62 px",
     "also flagged by GFW's SAR-presence algorithm on the same Sentinel-1 imagery (shared-sensor algorithmic agreement, not independent confirmation; lowered bar is experimental)",
     "GFW's SAR record here carries an AIS identity (KUO LUNG, MMSI 351965000) -- GFW-reported, not an independent AIS match"
    ],
    "score_basis": "heuristic evidence/ranking score 0-100 (not a calibrated probability)",
    "ais_evidence": "gfw_reported_ais"
   }
  },
  {
   "type": "Feature",
   "geometry": {
    "type": "Point",
    "coordinates": [
     78.12670192225949,
     8.335088544301634
    ]
   },
   "properties": {
    "row": 500.5,
    "col": 407.96875,
    "area_px": 32,
    "mean_intensity_db": -7.752738169514238,
    "max_intensity_db": 0.09057089699843708,
    "local_background_db": -19.620358024909233,
    "contrast_db": 11.867619855394995,
    "tcr_db": 19.7,
    "eccentricity": 0.84,
    "solidity": 0.914,
    "aspect_ratio": 1.84,
    "fill_ratio": 0.57,
    "local_bg_from_global_median": false,
    "match_status": "MATCHED",
    "match_distance_m": 655.5,
    "matched_name": "SEA ANGEL",
    "matched_mmsi": "457613000",
    "matched_flag": "MNG",
    "matched_type": "CARGO",
    "gfw_association": "associated",
    "gfw_lon": 78.12999725341797,
    "gfw_lat": 8.34,
    "id": "2026-01-30-G02",
    "date": "2026-01-30",
    "cluster_id": 3,
    "cluster_size": 1,
    "crop": "2026-01-30-G02.png",
    "confidence_class": "CLUTTER",
    "confidence": 16,
    "reasons": [
     "contrast 11.9 dB, 32 px",
     "contrast below 12 dB evidence threshold: not separable from sea clutter at the current bar"
    ],
    "score_basis": "heuristic evidence/ranking score 0-100 (not a calibrated probability)",
    "ais_evidence": "gfw_reported_ais"
   }
  },
  {
   "type": "Feature",
   "geometry": {
    "type": "Point",
    "coordinates": [
     78.55293875067342,
     8.366214756352015
    ]
   },
   "properties": {
    "row": 487.8636363636364,
    "col": 475.22727272727275,
    "area_px": 22,
    "mean_intensity_db": -10.343195116613861,
    "max_intensity_db": -7.408596639891652,
    "local_background_db": -17.82766665131405,
    "contrast_db": 7.484471534700189,
    "tcr_db": 10.4,
    "eccentricity": 0.781,
    "solidity": 0.917,
    "aspect_ratio": 1.6,
    "fill_ratio": 0.63,
    "local_bg_from_global_median": false,
    "match_status": "MATCHED",
    "match_distance_m": 530.5,
    "matched_name": "KUO LUNG",
    "matched_mmsi": "351965000",
    "matched_flag": "PAN",
    "matched_type": "CARGO",
    "gfw_association": "associated",
    "gfw_lon": 78.55000305175781,
    "gfw_lat": 8.37,
    "id": "2026-01-06-G01",
    "date": "2026-01-06",
    "cluster_id": 4,
    "cluster_size": 1,
    "crop": "2026-01-06-G01.png",
    "confidence_class": "CLUTTER",
    "confidence": 9,
    "reasons": [
     "contrast 7.5 dB, 22 px",
     "contrast below 12 dB evidence threshold: not separable from sea clutter at the current bar"
    ],
    "score_basis": "heuristic evidence/ranking score 0-100 (not a calibrated probability)",
    "ais_evidence": "gfw_reported_ais"
   }
  },
  {
   "type": "Feature",
   "geometry": {
    "type": "Point",
    "coordinates": [
     78.3855017305814,
     8.414982490997298
    ]
   },
   "properties": {
    "row": 612.3103448275862,
    "col": 504.62931034482756,
    "area_px": 116,
    "mean_intensity_db": 1.9998958627808705,
    "max_intensity_db": 8.843028574701382,
    "local_background_db": -17.64912380857436,
    "contrast_db": 19.64901967135523,
    "tcr_db": 26.5,
    "eccentricity": 0.962,
    "solidity": 0.841,
    "aspect_ratio": 3.65,
    "fill_ratio": 0.56,
    "local_bg_from_global_median": false,
    "match_status": "MATCHED",
    "match_distance_m": 745.7,
    "matched_name": "LONGVIEW LOGGER",
    "matched_mmsi": "477969800",
    "matched_flag": "HKG",
    "matched_type": "CARGO",
    "gfw_association": "associated",
    "gfw_lon": 78.38999938964844,
    "gfw_lat": 8.42,
    "id": "2026-01-06-G02",
    "date": "2026-01-06",
    "cluster_id": 5,
    "cluster_size": 1,
    "crop": "2026-01-06-G02.png",
    "confidence_class": "VESSEL_CANDIDATE",
    "confidence": 79,
    "reasons": [
     "contrast 19.6 dB, 116 px",
     "also flagged by GFW's SAR-presence algorithm on the same Sentinel-1 imagery (shared-sensor algorithmic agreement, not independent confirmation; lowered bar is experimental)",
     "GFW's SAR record here carries an AIS identity (LONGVIEW LOGGER, MMSI 477969800) -- GFW-reported, not an independent AIS match"
    ],
    "score_basis": "heuristic evidence/ranking score 0-100 (not a calibrated probability)",
    "ais_evidence": "gfw_reported_ais"
   }
  },
  {
   "type": "Feature",
   "geometry": {
    "type": "Point",
    "coordinates": [
     78.40175437138404,
     8.482382202523159
    ]
   },
   "properties": {
    "row": 419.5,
    "col": 463.65,
    "area_px": 20,
    "mean_intensity_db": -9.562072355250045,
    "max_intensity_db": -6.424683605719311,
    "local_background_db": -19.825972238160965,
    "contrast_db": 10.26389988291092,
    "tcr_db": 13.4,
    "eccentricity": 0.917,
    "solidity": 0.87,
    "aspect_ratio": 2.51,
    "fill_ratio": 0.62,
    "local_bg_from_global_median": false,
    "match_status": "UNMATCHED",
    "match_distance_m": 327.6,
    "matched_name": null,
    "matched_mmsi": null,
    "matched_flag": null,
    "matched_type": null,
    "gfw_association": "associated",
    "gfw_lon": 78.4000015258789,
    "gfw_lat": 8.48,
    "id": "2026-01-30-G03",
    "date": "2026-01-30",
    "cluster_id": 6,
    "cluster_size": 1,
    "crop": "2026-01-30-G03.png",
    "confidence_class": "CLUTTER",
    "confidence": 13,
    "reasons": [
     "contrast 10.3 dB, 20 px",
     "contrast below 12 dB evidence threshold: not separable from sea clutter at the current bar"
    ],
    "score_basis": "heuristic evidence/ranking score 0-100 (not a calibrated probability)",
    "ais_evidence": "gfw_reported_no_ais"
   }
  },
  {
   "type": "Feature",
   "geometry": {
    "type": "Point",
    "coordinates": [
     78.36906331670652,
     8.54928129036842
    ]
   },
   "properties": {
    "row": 453.8125,
    "col": 433.375,
    "area_px": 16,
    "mean_intensity_db": -12.444881350606744,
    "max_intensity_db": -11.746015491386766,
    "local_background_db": -19.15022750056649,
    "contrast_db": 6.705346149959746,
    "tcr_db": 7.4,
    "eccentricity": 0.795,
    "solidity": 0.889,
    "aspect_ratio": 1.65,
    "fill_ratio": 0.67,
    "local_bg_from_global_median": false,
    "match_status": "MATCHED",
    "match_distance_m": 130.6,
    "matched_name": "APJ INDRANI",
    "matched_mmsi": "419001835",
    "matched_flag": "IND",
    "matched_type": "CARGO",
    "gfw_association": "associated",
    "gfw_lon": 78.37000274658203,
    "gfw_lat": 8.55,
    "id": "2026-01-18-G02",
    "date": "2026-01-18",
    "cluster_id": 7,
    "cluster_size": 1,
    "crop": "2026-01-18-G02.png",
    "confidence_class": "CLUTTER",
    "confidence": 6,
    "reasons": [
     "contrast 6.7 dB, 16 px",
     "contrast below 12 dB evidence threshold: not separable from sea clutter at the current bar"
    ],
    "score_basis": "heuristic evidence/ranking score 0-100 (not a calibrated probability)",
    "ais_evidence": "gfw_reported_ais"
   }
  },
  {
   "type": "Feature",
   "geometry": {
    "type": "Point",
    "coordinates": [
     78.18661110224534,
     8.624435468147155
    ]
   },
   "properties": {
    "row": 396.2142857142857,
    "col": 406.64285714285717,
    "area_px": 14,
    "mean_intensity_db": -9.128386228532868,
    "max_intensity_db": -5.524036520328865,
    "local_background_db": -20.879384740438827,
    "contrast_db": 11.750998511905959,
    "tcr_db": 15.4,
    "eccentricity": 0.629,
    "solidity": 1.0,
    "aspect_ratio": 1.29,
    "fill_ratio": 0.7,
    "local_bg_from_global_median": false,
    "match_status": "UNMATCHED",
    "match_distance_m": 618.3,
    "matched_name": null,
    "matched_mmsi": null,
    "matched_flag": null,
    "matched_type": null,
    "gfw_association": "associated",
    "gfw_lon": 78.19000244140625,
    "gfw_lat": 8.62,
    "id": "2026-01-06-G03",
    "date": "2026-01-06",
    "cluster_id": 8,
    "cluster_size": 1,
    "crop": "2026-01-06-G03.png",
    "confidence_class": "CLUTTER",
    "confidence": 14,
    "reasons": [
     "contrast 11.8 dB, 14 px",
     "contrast below 12 dB evidence threshold: not separable from sea clutter at the current bar"
    ],
    "score_basis": "heuristic evidence/ranking score 0-100 (not a calibrated probability)",
    "ais_evidence": "gfw_reported_no_ais"
   }
  },
  {
   "type": "Feature",
   "geometry": {
    "type": "Point",
    "coordinates": [
     78.20384459878625,
     8.644646938279948
    ]
   },
   "properties": {
    "row": 394.72222222222223,
    "col": 486.6111111111111,
    "area_px": 18,
    "mean_intensity_db": -7.470458558753413,
    "max_intensity_db": -2.892146454031308,
    "local_background_db": -18.20773060932567,
    "contrast_db": 10.737272050572255,
    "tcr_db": 15.3,
    "eccentricity": 0.723,
    "solidity": 1.0,
    "aspect_ratio": 1.45,
    "fill_ratio": 0.75,
    "local_bg_from_global_median": false,
    "match_status": "UNMATCHED",
    "match_distance_m": 667.8,
    "matched_name": null,
    "matched_mmsi": null,
    "matched_flag": null,
    "matched_type": null,
    "gfw_association": "associated",
    "gfw_lon": 78.19999694824219,
    "gfw_lat": 8.64,
    "id": "2026-01-30-G04",
    "date": "2026-01-30",
    "cluster_id": 9,
    "cluster_size": 1,
    "crop": "2026-01-30-G04.png",
    "confidence_class": "CLUTTER",
    "confidence": 14,
    "reasons": [
     "contrast 10.7 dB, 18 px",
     "contrast below 12 dB evidence threshold: not separable from sea clutter at the current bar"
    ],
    "score_basis": "heuristic evidence/ranking score 0-100 (not a calibrated probability)",
    "ais_evidence": "gfw_reported_no_ais"
   }
  },
  {
   "type": "Feature",
   "geometry": {
    "type": "Point",
    "coordinates": [
     78.21891714432023,
     8.64923366852543
    ]
   },
   "properties": {
    "row": 454.3541666666667,
    "col": 431.5,
    "area_px": 48,
    "mean_intensity_db": -5.62289821547881,
    "max_intensity_db": 6.835911558452288,
    "local_background_db": -20.328807092127597,
    "contrast_db": 14.705908876648788,
    "tcr_db": 27.2,
    "eccentricity": 0.911,
    "solidity": 0.857,
    "aspect_ratio": 2.43,
    "fill_ratio": 0.62,
    "local_bg_from_global_median": false,
    "match_status": "MATCHED",
    "match_distance_m": 146.5,
    "matched_name": "A S R 1 NET BOAT",
    "matched_mmsi": "419824528",
    "matched_flag": "IND",
    "matched_type": "GEAR",
    "gfw_association": "associated",
    "gfw_lon": 78.22000122070312,
    "gfw_lat": 8.65,
    "id": "2026-01-06-G04",
    "date": "2026-01-06",
    "cluster_id": 10,
    "cluster_size": 1,
    "crop": "2026-01-06-G04.png",
    "confidence_class": "VESSEL_CANDIDATE",
    "confidence": 69,
    "reasons": [
     "contrast 14.7 dB, 48 px",
     "also flagged by GFW's SAR-presence algorithm on the same Sentinel-1 imagery (shared-sensor algorithmic agreement, not independent confirmation; lowered bar is experimental)",
     "GFW's SAR record here carries an AIS identity (A S R 1 NET BOAT, MMSI 419824528) -- GFW-reported, not an independent AIS match"
    ],
    "score_basis": "heuristic evidence/ranking score 0-100 (not a calibrated probability)",
    "ais_evidence": "gfw_reported_ais"
   }
  },
  {
   "type": "Feature",
   "geometry": {
    "type": "Point",
    "coordinates": [
     78.20712466361036,
     8.650754999011529
    ]
   },
   "properties": {
    "row": 437.38235294117646,
    "col": 412.2352941176471,
    "area_px": 34,
    "mean_intensity_db": -8.74540702347617,
    "max_intensity_db": -0.295409124510904,
    "local_background_db": -20.178534721485587,
    "contrast_db": 11.433127698009416,
    "tcr_db": 19.9,
    "eccentricity": 0.924,
    "solidity": 0.895,
    "aspect_ratio": 2.62,
    "fill_ratio": 0.68,
    "local_bg_from_global_median": false,
    "match_status": "UNMATCHED",
    "match_distance_m": 326.9,
    "matched_name": null,
    "matched_mmsi": null,
    "matched_flag": null,
    "matched_type": null,
    "gfw_association": "associated",
    "gfw_lon": 78.20999908447266,
    "gfw_lat": 8.65,
    "id": "2026-01-30-G05",
    "date": "2026-01-30",
    "cluster_id": 11,
    "cluster_size": 1,
    "crop": "2026-01-30-G05.png",
    "confidence_class": "CLUTTER",
    "confidence": 15,
    "reasons": [
     "contrast 11.4 dB, 34 px",
     "contrast below 12 dB evidence threshold: not separable from sea clutter at the current bar"
    ],
    "score_basis": "heuristic evidence/ranking score 0-100 (not a calibrated probability)",
    "ais_evidence": "gfw_reported_no_ais"
   }
  },
  {
   "type": "Feature",
   "geometry": {
    "type": "Point",
    "coordinates": [
     78.22069979202806,
     8.660853500819382
    ]
   },
   "properties": {
    "row": 436.8888888888889,
    "col": 452.0740740740741,
    "area_px": 27,
    "mean_intensity_db": -12.236423225244002,
    "max_intensity_db": -9.64015007651889,
    "local_background_db": -20.61955657382669,
    "contrast_db": 8.383133348582687,
    "tcr_db": 11.0,
    "eccentricity": 0.952,
    "solidity": 0.818,
    "aspect_ratio": 3.26,
    "fill_ratio": 0.54,
    "local_bg_from_global_median": false,
    "match_status": "MATCHED",
    "match_distance_m": 122.1,
    "matched_name": "RS FISHING NET BOAT",
    "matched_mmsi": "419506489",
    "matched_flag": "IND",
    "matched_type": "GEAR",
    "gfw_association": "associated",
    "gfw_lon": 78.22000122070312,
    "gfw_lat": 8.66,
    "id": "2026-01-06-G05",
    "date": "2026-01-06",
    "cluster_id": 12,
    "cluster_size": 1,
    "crop": "2026-01-06-G05.png",
    "confidence_class": "CLUTTER",
    "confidence": 10,
    "reasons": [
     "contrast 8.4 dB, 27 px",
     "contrast below 12 dB evidence threshold: not separable from sea clutter at the current bar"
    ],
    "score_basis": "heuristic evidence/ranking score 0-100 (not a calibrated probability)",
    "ais_evidence": "gfw_reported_ais"
   }
  },
  {
   "type": "Feature",
   "geometry": {
    "type": "Point",
    "coordinates": [
     78.40963202001451,
     8.67019706115475
    ]
   },
   "properties": {
    "row": 443.0,
    "col": 439.0,
    "area_px": 11,
    "mean_intensity_db": -10.32826257622604,
    "max_intensity_db": -7.785133518483242,
    "local_background_db": -20.165108759010355,
    "contrast_db": 9.836846182784315,
    "tcr_db": 12.4,
    "eccentricity": 0.756,
    "solidity": 1.0,
    "aspect_ratio": 1.53,
    "fill_ratio": 0.73,
    "local_bg_from_global_median": false,
    "match_status": "UNMATCHED",
    "match_distance_m": 46.4,
    "matched_name": null,
    "matched_mmsi": null,
    "matched_flag": null,
    "matched_type": null,
    "gfw_association": "associated",
    "gfw_lon": 78.41000366210938,
    "gfw_lat": 8.67,
    "id": "2026-01-30-G06",
    "date": "2026-01-30",
    "cluster_id": 13,
    "cluster_size": 1,
    "crop": "2026-01-30-G06.png",
    "confidence_class": "CLUTTER",
    "confidence": 10,
    "reasons": [
     "contrast 9.8 dB, 11 px",
     "contrast below 12 dB evidence threshold: not separable from sea clutter at the current bar"
    ],
    "score_basis": "heuristic evidence/ranking score 0-100 (not a calibrated probability)",
    "ais_evidence": "gfw_reported_no_ais"
   }
  },
  {
   "type": "Feature",
   "geometry": {
    "type": "Point",
    "coordinates": [
     79.0106013887127,
     8.67063865784649
    ]
   },
   "properties": {
    "row": 438.0,
    "col": 449.5,
    "area_px": 8,
    "mean_intensity_db": -9.675339760799506,
    "max_intensity_db": -7.761415262850622,
    "local_background_db": -18.417380144965648,
    "contrast_db": 8.742040384166142,
    "tcr_db": 10.7,
    "eccentricity": 0.577,
    "solidity": 1.0,
    "aspect_ratio": 1.22,
    "fill_ratio": 0.67,
    "local_bg_from_global_median": false,
    "match_status": "UNMATCHED",
    "match_distance_m": 96.9,
    "matched_name": null,
    "matched_mmsi": null,
    "matched_flag": null,
    "matched_type": null,
    "gfw_association": "associated",
    "gfw_lon": 79.01000213623047,
    "gfw_lat": 8.67,
    "id": "2026-01-30-G07",
    "date": "2026-01-30",
    "cluster_id": 14,
    "cluster_size": 1,
    "crop": "2026-01-30-G07.png",
    "confidence_class": "CLUTTER",
    "confidence": 7,
    "reasons": [
     "contrast 8.7 dB, 8 px",
     "contrast below 12 dB evidence threshold: not separable from sea clutter at the current bar"
    ],
    "score_basis": "heuristic evidence/ranking score 0-100 (not a calibrated probability)",
    "ais_evidence": "gfw_reported_no_ais"
   }
  },
  {
   "type": "Feature",
   "geometry": {
    "type": "Point",
    "coordinates": [
     78.35530189406586,
     8.674351036171418
    ]
   },
   "properties": {
    "row": 509.0879120879121,
    "col": 503.5274725274725,
    "area_px": 91,
    "mean_intensity_db": 5.062815900838091,
    "max_intensity_db": 14.184442184147741,
    "local_background_db": -18.022843258462927,
    "contrast_db": 23.085659159301017,
    "tcr_db": 32.2,
    "eccentricity": 0.956,
    "solidity": 0.919,
    "aspect_ratio": 3.42,
    "fill_ratio": 0.43,
    "local_bg_from_global_median": false,
    "match_status": "MATCHED",
    "match_distance_m": 707.7,
    "matched_name": "YOUNG GLORY",
    "matched_mmsi": "440270000",
    "matched_flag": "KOR",
    "matched_type": "CARGO",
    "gfw_association": "associated",
    "gfw_lon": 78.36000061035156,
    "gfw_lat": 8.67,
    "id": "2026-01-06-G06",
    "date": "2026-01-06",
    "cluster_id": 15,
    "cluster_size": 1,
    "crop": "2026-01-06-G06.png",
    "confidence_class": "VESSEL_CANDIDATE",
    "confidence": 80,
    "reasons": [
     "contrast 23.1 dB, 91 px",
     "also flagged by GFW's SAR-presence algorithm on the same Sentinel-1 imagery (shared-sensor algorithmic agreement, not independent confirmation; lowered bar is experimental)",
     "GFW's SAR record here carries an AIS identity (YOUNG GLORY, MMSI 440270000) -- GFW-reported, not an independent AIS match"
    ],
    "score_basis": "heuristic evidence/ranking score 0-100 (not a calibrated probability)",
    "ais_evidence": "gfw_reported_ais"
   }
  },
  {
   "type": "Feature",
   "geometry": {
    "type": "Point",
    "coordinates": [
     78.63564215581276,
     8.702146361064472
    ]
   },
   "properties": {
    "row": 420.8344370860927,
    "col": 395.79801324503313,
    "area_px": 302,
    "mean_intensity_db": -5.356194957502166,
    "max_intensity_db": 14.778573934602107,
    "local_background_db": -20.343480865084224,
    "contrast_db": 14.98728590758206,
    "tcr_db": 35.1,
    "eccentricity": 0.884,
    "solidity": 0.696,
    "aspect_ratio": 2.14,
    "fill_ratio": 0.38,
    "local_bg_from_global_median": false,
    "match_status": "MATCHED",
    "match_distance_m": 535.1,
    "matched_name": "JAG VIRAAT",
    "matched_mmsi": "419001357",
    "matched_flag": "IND",
    "matched_type": "OTHER",
    "gfw_association": "associated",
    "gfw_lon": 78.63999938964844,
    "gfw_lat": 8.7,
    "id": "2026-01-18-G03",
    "date": "2026-01-18",
    "cluster_id": 16,
    "cluster_size": 1,
    "crop": "2026-01-18-G03.png",
    "confidence_class": "VESSEL_CANDIDATE",
    "confidence": 70,
    "reasons": [
     "contrast 15.0 dB, 302 px",
     "also flagged by GFW's SAR-presence algorithm on the same Sentinel-1 imagery (shared-sensor algorithmic agreement, not independent confirmation; lowered bar is experimental)",
     "GFW's SAR record here carries an AIS identity (JAG VIRAAT, MMSI 419001357) -- GFW-reported, not an independent AIS match"
    ],
    "score_basis": "heuristic evidence/ranking score 0-100 (not a calibrated probability)",
    "ais_evidence": "gfw_reported_ais"
   }
  },
  {
   "type": "Feature",
   "geometry": {
    "type": "Point",
    "coordinates": [
     78.48590164714255,
     8.726319680672322
    ]
   },
   "properties": {
    "row": 597.7857142857143,
    "col": 508.48214285714283,
    "area_px": 56,
    "mean_intensity_db": -2.446570820199834,
    "max_intensity_db": 8.08695012721848,
    "local_background_db": -18.661177661734815,
    "contrast_db": 16.21460684153498,
    "tcr_db": 26.7,
    "eccentricity": 0.831,
    "solidity": 0.889,
    "aspect_ratio": 1.8,
    "fill_ratio": 0.64,
    "local_bg_from_global_median": false,
    "match_status": "MATCHED",
    "match_distance_m": 608.4,
    "matched_name": "CHEN GLORY 9",
    "matched_mmsi": "352898805",
    "matched_flag": "PAN",
    "matched_type": "OTHER",
    "gfw_association": "associated",
    "gfw_lon": 78.48999786376953,
    "gfw_lat": 8.73,
    "id": "2026-01-06-G07",
    "date": "2026-01-06",
    "cluster_id": 17,
    "cluster_size": 1,
    "crop": "2026-01-06-G07.png",
    "confidence_class": "VESSEL_CANDIDATE",
    "confidence": 72,
    "reasons": [
     "contrast 16.2 dB, 56 px",
     "also flagged by GFW's SAR-presence algorithm on the same Sentinel-1 imagery (shared-sensor algorithmic agreement, not independent confirmation; lowered bar is experimental)",
     "GFW's SAR record here carries an AIS identity (CHEN GLORY 9, MMSI 352898805) -- GFW-reported, not an independent AIS match"
    ],
    "score_basis": "heuristic evidence/ranking score 0-100 (not a calibrated probability)",
    "ais_evidence": "gfw_reported_ais"
   }
  },
  {
   "type": "Feature",
   "geometry": {
    "type": "Point",
    "coordinates": [
     79.15488733284732,
     8.750921630025118
    ]
   },
   "properties": {
    "row": 434.0,
    "col": 386.0,
    "area_px": 5,
    "mean_intensity_db": -11.047507275586275,
    "max_intensity_db": -10.146218907194232,
    "local_background_db": -17.70617195288039,
    "contrast_db": 6.658664677294114,
    "tcr_db": 7.6,
    "eccentricity": 0.0,
    "solidity": 1.0,
    "aspect_ratio": 1.0,
    "fill_ratio": 0.56,
    "local_bg_from_global_median": false,
    "match_status": "UNMATCHED",
    "match_distance_m": 571.6,
    "matched_name": null,
    "matched_mmsi": null,
    "matched_flag": null,
    "matched_type": null,
    "gfw_association": "associated",
    "gfw_lon": 79.16000366210938,
    "gfw_lat": 8.75,
    "id": "2026-01-30-G08",
    "date": "2026-01-30",
    "cluster_id": 18,
    "cluster_size": 1,
    "crop": "2026-01-30-G08.png",
    "confidence_class": "CLUTTER",
    "confidence": 3,
    "reasons": [
     "contrast 6.7 dB, 5 px",
     "contrast below 12 dB evidence threshold: not separable from sea clutter at the current bar"
    ],
    "score_basis": "heuristic evidence/ranking score 0-100 (not a calibrated probability)",
    "ais_evidence": "gfw_reported_no_ais"
   }
  },
  {
   "type": "Feature",
   "geometry": {
    "type": "Point",
    "coordinates": [
     79.0277339123408,
     8.755794719780734
    ]
   },
   "properties": {
    "row": 491.0,
    "col": 417.0,
    "area_px": 5,
    "mean_intensity_db": -10.159177412428303,
    "max_intensity_db": -8.547112471650307,
    "local_background_db": -17.61221861101877,
    "contrast_db": 7.453041198590466,
    "tcr_db": 9.1,
    "eccentricity": 0.0,
    "solidity": 1.0,
    "aspect_ratio": 1.0,
    "fill_ratio": 0.56,
    "local_bg_from_global_median": false,
    "match_status": "UNMATCHED",
    "match_distance_m": 529.7,
    "matched_name": null,
    "matched_mmsi": null,
    "matched_flag": null,
    "matched_type": null,
    "gfw_association": "associated",
    "gfw_lon": 79.02999877929688,
    "gfw_lat": 8.76,
    "id": "2026-01-30-G09",
    "date": "2026-01-30",
    "cluster_id": 19,
    "cluster_size": 1,
    "crop": "2026-01-30-G09.png",
    "confidence_class": "CLUTTER",
    "confidence": 4,
    "reasons": [
     "contrast 7.5 dB, 5 px",
     "contrast below 12 dB evidence threshold: not separable from sea clutter at the current bar"
    ],
    "score_basis": "heuristic evidence/ranking score 0-100 (not a calibrated probability)",
    "ais_evidence": "gfw_reported_no_ais"
   }
  },
  {
   "type": "Feature",
   "geometry": {
    "type": "Point",
    "coordinates": [
     79.13631964806244,
     8.773789489560803
    ]
   },
   "properties": {
    "row": 402.04761904761904,
    "col": 401.92857142857144,
    "area_px": 42,
    "mean_intensity_db": -4.3794846780262064,
    "max_intensity_db": 4.651962309718362,
    "local_background_db": -18.046686345475752,
    "contrast_db": 13.667201667449547,
    "tcr_db": 22.7,
    "eccentricity": 0.934,
    "solidity": 0.857,
    "aspect_ratio": 2.81,
    "fill_ratio": 0.58,
    "local_bg_from_global_median": false,
    "match_status": "UNMATCHED",
    "match_distance_m": 584.0,
    "matched_name": null,
    "matched_mmsi": null,
    "matched_flag": null,
    "matched_type": null,
    "gfw_association": "associated",
    "gfw_lon": 79.13999938964844,
    "gfw_lat": 8.77,
    "id": "2026-01-30-G10",
    "date": "2026-01-30",
    "cluster_id": 20,
    "cluster_size": 1,
    "crop": "2026-01-30-G10.png",
    "confidence_class": "DARK_CANDIDATE",
    "confidence": 66,
    "reasons": [
     "contrast 13.7 dB, 42 px",
     "also flagged by GFW's SAR-presence algorithm on the same Sentinel-1 imagery (shared-sensor algorithmic agreement, not independent confirmation; lowered bar is experimental)",
     "GFW's SAR record here has no AIS identity -- GFW-reported absence, not a verified no-AIS observation"
    ],
    "score_basis": "heuristic evidence/ranking score 0-100 (not a calibrated probability)",
    "ais_evidence": "gfw_reported_no_ais"
   }
  },
  {
   "type": "Feature",
   "geometry": {
    "type": "Point",
    "coordinates": [
     79.09499553029238,
     8.787961728216132
    ]
   },
   "properties": {
    "row": 578.0,
    "col": 387.0,
    "area_px": 5,
    "mean_intensity_db": -10.130902407511439,
    "max_intensity_db": -8.311786479255419,
    "local_background_db": -18.0534368253433,
    "contrast_db": 7.922534417831862,
    "tcr_db": 9.7,
    "eccentricity": 0.0,
    "solidity": 1.0,
    "aspect_ratio": 1.0,
    "fill_ratio": 0.56,
    "local_bg_from_global_median": false,
    "match_status": "UNMATCHED",
    "match_distance_m": 1447.1,
    "matched_name": null,
    "matched_mmsi": null,
    "matched_flag": null,
    "matched_type": null,
    "gfw_association": "associated",
    "gfw_lon": 79.0999984741211,
    "gfw_lat": 8.8,
    "id": "2026-01-30-G11",
    "date": "2026-01-30",
    "cluster_id": 21,
    "cluster_size": 1,
    "crop": "2026-01-30-G11.png",
    "confidence_class": "CLUTTER",
    "confidence": 5,
    "reasons": [
     "contrast 7.9 dB, 5 px",
     "contrast below 12 dB evidence threshold: not separable from sea clutter at the current bar"
    ],
    "score_basis": "heuristic evidence/ranking score 0-100 (not a calibrated probability)",
    "ais_evidence": "gfw_reported_no_ais"
   }
  },
  {
   "type": "Feature",
   "geometry": {
    "type": "Point",
    "coordinates": [
     79.14944440935017,
     8.813511541348925
    ]
   },
   "properties": {
    "row": 405.5,
    "col": 436.5,
    "area_px": 12,
    "mean_intensity_db": -9.497437697275211,
    "max_intensity_db": -7.141943556942184,
    "local_background_db": -18.07224197403061,
    "contrast_db": 8.5748042767554,
    "tcr_db": 10.9,
    "eccentricity": 0.0,
    "solidity": 1.0,
    "aspect_ratio": 1.0,
    "fill_ratio": 0.75,
    "local_bg_from_global_median": false,
    "match_status": "UNMATCHED",
    "match_distance_m": 395.2,
    "matched_name": null,
    "matched_mmsi": null,
    "matched_flag": null,
    "matched_type": null,
    "gfw_association": "associated",
    "gfw_lon": 79.1500015258789,
    "gfw_lat": 8.81,
    "id": "2026-01-18-G04",
    "date": "2026-01-18",
    "cluster_id": 22,
    "cluster_size": 1,
    "crop": "2026-01-18-G04.png",
    "confidence_class": "CLUTTER",
    "confidence": 8,
    "reasons": [
     "contrast 8.6 dB, 12 px",
     "contrast below 12 dB evidence threshold: not separable from sea clutter at the current bar"
    ],
    "score_basis": "heuristic evidence/ranking score 0-100 (not a calibrated probability)",
    "ais_evidence": "gfw_reported_no_ais"
   }
  },
  {
   "type": "Feature",
   "geometry": {
    "type": "Point",
    "coordinates": [
     78.35557545431111,
     8.857439975592872
    ]
   },
   "properties": {
    "row": 473.7,
    "col": 394.3,
    "area_px": 10,
    "mean_intensity_db": -10.53207044619967,
    "max_intensity_db": -7.751676421106141,
    "local_background_db": -20.579942749801265,
    "contrast_db": 10.047872303601595,
    "tcr_db": 12.8,
    "eccentricity": 0.616,
    "solidity": 1.0,
    "aspect_ratio": 1.27,
    "fill_ratio": 0.62,
    "local_bg_from_global_median": false,
    "match_status": "UNMATCHED",
    "match_distance_m": 563.4,
    "matched_name": null,
    "matched_mmsi": null,
    "matched_flag": null,
    "matched_type": null,
    "gfw_association": "associated",
    "gfw_lon": 78.36000061035156,
    "gfw_lat": 8.86,
    "id": "2026-01-30-G12",
    "date": "2026-01-30",
    "cluster_id": 23,
    "cluster_size": 1,
    "crop": "2026-01-30-G12.png",
    "confidence_class": "CLUTTER",
    "confidence": 10,
    "reasons": [
     "contrast 10.0 dB, 10 px",
     "contrast below 12 dB evidence threshold: not separable from sea clutter at the current bar"
    ],
    "score_basis": "heuristic evidence/ranking score 0-100 (not a calibrated probability)",
    "ais_evidence": "gfw_reported_no_ais"
   }
  },
  {
   "type": "Feature",
   "geometry": {
    "type": "Point",
    "coordinates": [
     78.34664818322568,
     8.863288184659574
    ]
   },
   "properties": {
    "row": 409.27777777777777,
    "col": 406.5,
    "area_px": 36,
    "mean_intensity_db": -5.178432766705116,
    "max_intensity_db": 5.258531985742447,
    "local_background_db": -19.845210791169382,
    "contrast_db": 14.666778024464266,
    "tcr_db": 25.1,
    "eccentricity": 0.802,
    "solidity": 0.973,
    "aspect_ratio": 1.68,
    "fill_ratio": 0.67,
    "local_bg_from_global_median": false,
    "match_status": "UNMATCHED",
    "match_distance_m": 518.8,
    "matched_name": null,
    "matched_mmsi": null,
    "matched_flag": null,
    "matched_type": null,
    "gfw_association": "associated",
    "gfw_lon": 78.3499984741211,
    "gfw_lat": 8.86,
    "id": "2026-01-30-G13",
    "date": "2026-01-30",
    "cluster_id": 24,
    "cluster_size": 1,
    "crop": "2026-01-30-G13.png",
    "confidence_class": "DARK_CANDIDATE",
    "confidence": 68,
    "reasons": [
     "contrast 14.7 dB, 36 px",
     "also flagged by GFW's SAR-presence algorithm on the same Sentinel-1 imagery (shared-sensor algorithmic agreement, not independent confirmation; lowered bar is experimental)",
     "GFW's SAR record here has no AIS identity -- GFW-reported absence, not a verified no-AIS observation"
    ],
    "score_basis": "heuristic evidence/ranking score 0-100 (not a calibrated probability)",
    "ais_evidence": "gfw_reported_no_ais"
   }
  },
  {
   "type": "Feature",
   "geometry": {
    "type": "Point",
    "coordinates": [
     78.96935096264545,
     8.913680882778209
    ]
   },
   "properties": {
    "row": 404.0,
    "col": 436.0,
    "area_px": 5,
    "mean_intensity_db": -9.756290318289214,
    "max_intensity_db": -8.314391037157126,
    "local_background_db": -18.577787716705775,
    "contrast_db": 8.821497398416561,
    "tcr_db": 10.3,
    "eccentricity": 0.0,
    "solidity": 1.0,
    "aspect_ratio": 1.0,
    "fill_ratio": 0.56,
    "local_bg_from_global_median": false,
    "match_status": "UNMATCHED",
    "match_distance_m": 415.5,
    "matched_name": null,
    "matched_mmsi": null,
    "matched_flag": null,
    "matched_type": null,
    "gfw_association": "associated",
    "gfw_lon": 78.97000122070312,
    "gfw_lat": 8.91,
    "id": "2026-01-30-G14",
    "date": "2026-01-30",
    "cluster_id": 25,
    "cluster_size": 1,
    "crop": "2026-01-30-G14.png",
    "confidence_class": "CLUTTER",
    "confidence": 6,
    "reasons": [
     "contrast 8.8 dB, 5 px",
     "contrast below 12 dB evidence threshold: not separable from sea clutter at the current bar"
    ],
    "score_basis": "heuristic evidence/ranking score 0-100 (not a calibrated probability)",
    "ais_evidence": "gfw_reported_no_ais"
   }
  },
  {
   "type": "Feature",
   "geometry": {
    "type": "Point",
    "coordinates": [
     78.97983663674196,
     8.918548455638106
    ]
   },
   "properties": {
    "row": 460.7857142857143,
    "col": 440.64285714285717,
    "area_px": 14,
    "mean_intensity_db": -9.429683681294678,
    "max_intensity_db": -5.500460563837741,
    "local_background_db": -18.83244744054631,
    "contrast_db": 9.402763759251632,
    "tcr_db": 13.3,
    "eccentricity": 0.629,
    "solidity": 1.0,
    "aspect_ratio": 1.29,
    "fill_ratio": 0.7,
    "local_bg_from_global_median": false,
    "match_status": "UNMATCHED",
    "match_distance_m": 162.4,
    "matched_name": null,
    "matched_mmsi": null,
    "matched_flag": null,
    "matched_type": null,
    "gfw_association": "associated",
    "gfw_lon": 78.9800033569336,
    "gfw_lat": 8.92,
    "id": "2026-01-30-G15",
    "date": "2026-01-30",
    "cluster_id": 26,
    "cluster_size": 1,
    "crop": "2026-01-30-G15.png",
    "confidence_class": "CLUTTER",
    "confidence": 10,
    "reasons": [
     "contrast 9.4 dB, 14 px",
     "contrast below 12 dB evidence threshold: not separable from sea clutter at the current bar"
    ],
    "score_basis": "heuristic evidence/ranking score 0-100 (not a calibrated probability)",
    "ais_evidence": "gfw_reported_no_ais"
   }
  },
  {
   "type": "Feature",
   "geometry": {
    "type": "Point",
    "coordinates": [
     79.1065026410019,
     8.919105884726257
    ]
   },
   "properties": {
    "row": 454.0,
    "col": 404.0,
    "area_px": 5,
    "mean_intensity_db": -9.094274298005473,
    "max_intensity_db": -7.63453660258961,
    "local_background_db": -17.74284582684511,
    "contrast_db": 8.648571528839636,
    "tcr_db": 10.1,
    "eccentricity": 0.0,
    "solidity": 1.0,
    "aspect_ratio": 1.0,
    "fill_ratio": 0.56,
    "local_bg_from_global_median": false,
    "match_status": "UNMATCHED",
    "match_distance_m": 396.9,
    "matched_name": null,
    "matched_mmsi": null,
    "matched_flag": null,
    "matched_type": null,
    "gfw_association": "associated",
    "gfw_lon": 79.11000061035156,
    "gfw_lat": 8.92,
    "id": "2026-01-30-G16",
    "date": "2026-01-30",
    "cluster_id": 27,
    "cluster_size": 1,
    "crop": "2026-01-30-G16.png",
    "confidence_class": "CLUTTER",
    "confidence": 6,
    "reasons": [
     "contrast 8.6 dB, 5 px",
     "contrast below 12 dB evidence threshold: not separable from sea clutter at the current bar"
    ],
    "score_basis": "heuristic evidence/ranking score 0-100 (not a calibrated probability)",
    "ais_evidence": "gfw_reported_no_ais"
   }
  },
  {
   "type": "Feature",
   "geometry": {
    "type": "Point",
    "coordinates": [
     79.15336100440773,
     8.965720135672228
    ]
   },
   "properties": {
    "row": 492.0,
    "col": 479.0,
    "area_px": 11,
    "mean_intensity_db": -9.570205028823468,
    "max_intensity_db": -6.9468145468901366,
    "local_background_db": -18.15131846959488,
    "contrast_db": 8.581113440771412,
    "tcr_db": 11.2,
    "eccentricity": 0.756,
    "solidity": 1.0,
    "aspect_ratio": 1.53,
    "fill_ratio": 0.73,
    "local_bg_from_global_median": false,
    "match_status": "UNMATCHED",
    "match_distance_m": 602.2,
    "matched_name": null,
    "matched_mmsi": null,
    "matched_flag": null,
    "matched_type": null,
    "gfw_association": "associated",
    "gfw_lon": 79.1500015258789,
    "gfw_lat": 8.97,
    "id": "2026-01-30-G17",
    "date": "2026-01-30",
    "cluster_id": 28,
    "cluster_size": 1,
    "crop": "2026-01-30-G17.png",
    "confidence_class": "CLUTTER",
    "confidence": 8,
    "reasons": [
     "contrast 8.6 dB, 11 px",
     "contrast below 12 dB evidence threshold: not separable from sea clutter at the current bar"
    ],
    "score_basis": "heuristic evidence/ranking score 0-100 (not a calibrated probability)",
    "ais_evidence": "gfw_reported_no_ais"
   }
  },
  {
   "type": "Feature",
   "geometry": {
    "type": "Point",
    "coordinates": [
     79.16351588073042,
     8.980506994456954
    ]
   },
   "properties": {
    "row": 439.0,
    "col": 480.5,
    "area_px": 8,
    "mean_intensity_db": -10.557139672433092,
    "max_intensity_db": -9.40438511747364,
    "local_background_db": -17.755276714541075,
    "contrast_db": 7.198137042107984,
    "tcr_db": 8.4,
    "eccentricity": 0.577,
    "solidity": 1.0,
    "aspect_ratio": 1.22,
    "fill_ratio": 0.67,
    "local_bg_from_global_median": false,
    "match_status": "UNMATCHED",
    "match_distance_m": 389.9,
    "matched_name": null,
    "matched_mmsi": null,
    "matched_flag": null,
    "matched_type": null,
    "gfw_association": "associated",
    "gfw_lon": 79.16000366210938,
    "gfw_lat": 8.98,
    "id": "2026-01-30-G18",
    "date": "2026-01-30",
    "cluster_id": 29,
    "cluster_size": 1,
    "crop": "2026-01-30-G18.png",
    "confidence_class": "CLUTTER",
    "confidence": 4,
    "reasons": [
     "contrast 7.2 dB, 8 px",
     "contrast below 12 dB evidence threshold: not separable from sea clutter at the current bar"
    ],
    "score_basis": "heuristic evidence/ranking score 0-100 (not a calibrated probability)",
    "ais_evidence": "gfw_reported_no_ais"
   }
  },
  {
   "type": "Feature",
   "geometry": {
    "type": "Point",
    "coordinates": [
     79.40948188731149,
     8.989877044273337
    ]
   },
   "properties": {
    "row": 556.0,
    "col": 435.7647058823529,
    "area_px": 17,
    "mean_intensity_db": -8.543098722039417,
    "max_intensity_db": -5.814163857365742,
    "local_background_db": -17.322105693647906,
    "contrast_db": 8.779006971608489,
    "tcr_db": 11.5,
    "eccentricity": 0.885,
    "solidity": 0.895,
    "aspect_ratio": 2.15,
    "fill_ratio": 0.61,
    "local_bg_from_global_median": false,
    "match_status": "UNMATCHED",
    "match_distance_m": 1127.1,
    "matched_name": null,
    "matched_mmsi": null,
    "matched_flag": null,
    "matched_type": null,
    "gfw_association": "associated",
    "gfw_lon": 79.41000366210938,
    "gfw_lat": 9,
    "id": "2026-01-30-G19",
    "date": "2026-01-30",
    "cluster_id": 30,
    "cluster_size": 1,
    "crop": "2026-01-30-G19.png",
    "confidence_class": "CLUTTER",
    "confidence": 10,
    "reasons": [
     "contrast 8.8 dB, 17 px",
     "contrast below 12 dB evidence threshold: not separable from sea clutter at the current bar"
    ],
    "score_basis": "heuristic evidence/ranking score 0-100 (not a calibrated probability)",
    "ais_evidence": "gfw_reported_no_ais"
   }
  },
  {
   "type": "Feature",
   "geometry": {
    "type": "Point",
    "coordinates": [
     79.27530832734979,
     9.021008334007362
    ]
   },
   "properties": {
    "row": 433.0,
    "col": 390.0,
    "area_px": 5,
    "mean_intensity_db": -11.23126525297551,
    "max_intensity_db": -10.747455446355039,
    "local_background_db": -17.60479976961507,
    "contrast_db": 6.373534516639561,
    "tcr_db": 6.9,
    "eccentricity": 0.0,
    "solidity": 1.0,
    "aspect_ratio": 1.0,
    "fill_ratio": 0.56,
    "local_bg_from_global_median": false,
    "match_status": "UNMATCHED",
    "match_distance_m": 527.2,
    "matched_name": null,
    "matched_mmsi": null,
    "matched_flag": null,
    "matched_type": null,
    "gfw_association": "associated",
    "gfw_lon": 79.27999877929688,
    "gfw_lat": 9.02,
    "id": "2026-01-30-G20",
    "date": "2026-01-30",
    "cluster_id": 31,
    "cluster_size": 1,
    "crop": "2026-01-30-G20.png",
    "confidence_class": "CLUTTER",
    "confidence": 2,
    "reasons": [
     "contrast 6.4 dB, 5 px",
     "contrast below 12 dB evidence threshold: not separable from sea clutter at the current bar"
    ],
    "score_basis": "heuristic evidence/ranking score 0-100 (not a calibrated probability)",
    "ais_evidence": "gfw_reported_no_ais"
   }
  },
  {
   "type": "Feature",
   "geometry": {
    "type": "Point",
    "coordinates": [
     79.43263390640034,
     9.024968137412971
    ]
   },
   "properties": {
    "row": 389.0,
    "col": 471.0,
    "area_px": 5,
    "mean_intensity_db": -9.859097565656366,
    "max_intensity_db": -8.547880894866843,
    "local_background_db": -17.408219608319765,
    "contrast_db": 7.549122042663399,
    "tcr_db": 8.9,
    "eccentricity": 0.0,
    "solidity": 1.0,
    "aspect_ratio": 1.0,
    "fill_ratio": 0.56,
    "local_bg_from_global_median": false,
    "match_status": "UNMATCHED",
    "match_distance_m": 623.6,
    "matched_name": null,
    "matched_mmsi": null,
    "matched_flag": null,
    "matched_type": null,
    "gfw_association": "associated",
    "gfw_lon": 79.43000030517578,
    "gfw_lat": 9.02,
    "id": "2026-01-30-G21",
    "date": "2026-01-30",
    "cluster_id": 32,
    "cluster_size": 1,
    "crop": "2026-01-30-G21.png",
    "confidence_class": "CLUTTER",
    "confidence": 4,
    "reasons": [
     "contrast 7.5 dB, 5 px",
     "contrast below 12 dB evidence threshold: not separable from sea clutter at the current bar"
    ],
    "score_basis": "heuristic evidence/ranking score 0-100 (not a calibrated probability)",
    "ais_evidence": "gfw_reported_no_ais"
   }
  },
  {
   "type": "Feature",
   "geometry": {
    "type": "Point",
    "coordinates": [
     78.47591261617303,
     9.051285221823552
    ]
   },
   "properties": {
    "row": 431.0,
    "col": 398.0,
    "area_px": 5,
    "mean_intensity_db": -12.466686475690011,
    "max_intensity_db": -10.7977525617636,
    "local_background_db": -20.639522188956047,
    "contrast_db": 8.172835713266036,
    "tcr_db": 9.8,
    "eccentricity": 0.0,
    "solidity": 1.0,
    "aspect_ratio": 1.0,
    "fill_ratio": 0.56,
    "local_bg_from_global_median": false,
    "match_status": "UNMATCHED",
    "match_distance_m": 471.4,
    "matched_name": null,
    "matched_mmsi": null,
    "matched_flag": null,
    "matched_type": null,
    "gfw_association": "associated",
    "gfw_lon": 78.4800033569336,
    "gfw_lat": 9.05,
    "id": "2026-01-06-G08",
    "date": "2026-01-06",
    "cluster_id": 33,
    "cluster_size": 1,
    "crop": "2026-01-06-G08.png",
    "confidence_class": "CLUTTER",
    "confidence": 5,
    "reasons": [
     "contrast 8.2 dB, 5 px",
     "contrast below 12 dB evidence threshold: not separable from sea clutter at the current bar"
    ],
    "score_basis": "heuristic evidence/ranking score 0-100 (not a calibrated probability)",
    "ais_evidence": "gfw_reported_no_ais"
   }
  },
  {
   "type": "Feature",
   "geometry": {
    "type": "Point",
    "coordinates": [
     79.17040651407025,
     9.065704287542292
    ]
   },
   "properties": {
    "row": 492.0,
    "col": 446.0,
    "area_px": 5,
    "mean_intensity_db": -9.800045743174136,
    "max_intensity_db": -8.240147396618418,
    "local_background_db": -18.172287855435563,
    "contrast_db": 8.372242112261427,
    "tcr_db": 9.9,
    "eccentricity": 0.0,
    "solidity": 1.0,
    "aspect_ratio": 1.0,
    "fill_ratio": 0.56,
    "local_bg_from_global_median": false,
    "match_status": "UNMATCHED",
    "match_distance_m": 479.8,
    "matched_name": null,
    "matched_mmsi": null,
    "matched_flag": null,
    "matched_type": null,
    "gfw_association": "associated",
    "gfw_lon": 79.16999816894531,
    "gfw_lat": 9.07,
    "id": "2026-01-30-G22",
    "date": "2026-01-30",
    "cluster_id": 34,
    "cluster_size": 1,
    "crop": "2026-01-30-G22.png",
    "confidence_class": "CLUTTER",
    "confidence": 6,
    "reasons": [
     "contrast 8.4 dB, 5 px",
     "contrast below 12 dB evidence threshold: not separable from sea clutter at the current bar"
    ],
    "score_basis": "heuristic evidence/ranking score 0-100 (not a calibrated probability)",
    "ais_evidence": "gfw_reported_no_ais"
   }
  },
  {
   "type": "Feature",
   "geometry": {
    "type": "Point",
    "coordinates": [
     79.4997386579784,
     9.075836732378868
    ]
   },
   "properties": {
    "row": 489.5238095238095,
    "col": 328.0952380952381,
    "area_px": 21,
    "mean_intensity_db": -7.411403349660985,
    "max_intensity_db": -2.266065677889897,
    "local_background_db": -17.443387645128105,
    "contrast_db": 10.03198429546712,
    "tcr_db": 15.2,
    "eccentricity": 0.743,
    "solidity": 0.955,
    "aspect_ratio": 1.49,
    "fill_ratio": 0.7,
    "local_bg_from_global_median": false,
    "match_status": "UNMATCHED",
    "match_distance_m": 1218.3,
    "matched_name": null,
    "matched_mmsi": null,
    "matched_flag": null,
    "matched_type": null,
    "gfw_association": "associated",
    "gfw_lon": 79.51000213623047,
    "gfw_lat": 9.08,
    "id": "2026-01-30-G23",
    "date": "2026-01-30",
    "cluster_id": 35,
    "cluster_size": 1,
    "crop": "2026-01-30-G23.png",
    "confidence_class": "CLUTTER",
    "confidence": 13,
    "reasons": [
     "contrast 10.0 dB, 21 px",
     "contrast below 12 dB evidence threshold: not separable from sea clutter at the current bar"
    ],
    "score_basis": "heuristic evidence/ranking score 0-100 (not a calibrated probability)",
    "ais_evidence": "gfw_reported_no_ais"
   }
  },
  {
   "type": "Feature",
   "geometry": {
    "type": "Point",
    "coordinates": [
     79.20886461155813,
     9.076974363051184
    ]
   },
   "properties": {
    "row": 478.44827586206895,
    "col": 429.44827586206895,
    "area_px": 29,
    "mean_intensity_db": -6.325594367523789,
    "max_intensity_db": -1.5942396566554229,
    "local_background_db": -16.657669939249857,
    "contrast_db": 10.332075571726069,
    "tcr_db": 15.1,
    "eccentricity": 0.925,
    "solidity": 0.935,
    "aspect_ratio": 2.64,
    "fill_ratio": 0.72,
    "local_bg_from_global_median": false,
    "match_status": "UNMATCHED",
    "match_distance_m": 358.8,
    "matched_name": null,
    "matched_mmsi": null,
    "matched_flag": null,
    "matched_type": null,
    "gfw_association": "associated",
    "gfw_lon": 79.20999908447266,
    "gfw_lat": 9.08,
    "id": "2026-01-30-G24",
    "date": "2026-01-30",
    "cluster_id": 36,
    "cluster_size": 1,
    "crop": "2026-01-30-G24.png",
    "confidence_class": "CLUTTER",
    "confidence": 13,
    "reasons": [
     "contrast 10.3 dB, 29 px",
     "contrast below 12 dB evidence threshold: not separable from sea clutter at the current bar"
    ],
    "score_basis": "heuristic evidence/ranking score 0-100 (not a calibrated probability)",
    "ais_evidence": "gfw_reported_no_ais"
   }
  },
  {
   "type": "Feature",
   "geometry": {
    "type": "Point",
    "coordinates": [
     79.49873689969601,
     9.083387491651091
    ]
   },
   "properties": {
    "row": 406.9714285714286,
    "col": 427.42857142857144,
    "area_px": 35,
    "mean_intensity_db": -3.006431863624907,
    "max_intensity_db": 7.383882387706176,
    "local_background_db": -17.754242919608785,
    "contrast_db": 14.747811055983878,
    "tcr_db": 25.1,
    "eccentricity": 0.877,
    "solidity": 0.921,
    "aspect_ratio": 2.08,
    "fill_ratio": 0.7,
    "local_bg_from_global_median": false,
    "match_status": "UNMATCHED",
    "match_distance_m": 401.4,
    "matched_name": null,
    "matched_mmsi": null,
    "matched_flag": null,
    "matched_type": null,
    "gfw_association": "associated",
    "gfw_lon": 79.5,
    "gfw_lat": 9.08,
    "id": "2026-01-30-G25",
    "date": "2026-01-30",
    "cluster_id": 37,
    "cluster_size": 1,
    "crop": "2026-01-30-G25.png",
    "confidence_class": "DARK_CANDIDATE",
    "confidence": 68,
    "reasons": [
     "contrast 14.7 dB, 35 px",
     "also flagged by GFW's SAR-presence algorithm on the same Sentinel-1 imagery (shared-sensor algorithmic agreement, not independent confirmation; lowered bar is experimental)",
     "GFW's SAR record here has no AIS identity -- GFW-reported absence, not a verified no-AIS observation"
    ],
    "score_basis": "heuristic evidence/ranking score 0-100 (not a calibrated probability)",
    "ais_evidence": "gfw_reported_no_ais"
   }
  },
  {
   "type": "Feature",
   "geometry": {
    "type": "Point",
    "coordinates": [
     79.31733556487275,
     9.097105149079642
    ]
   },
   "properties": {
    "row": 476.5,
    "col": 412.0,
    "area_px": 8,
    "mean_intensity_db": -11.155623312232551,
    "max_intensity_db": -9.988375557092382,
    "local_background_db": -17.828539835571625,
    "contrast_db": 6.672916523339074,
    "tcr_db": 7.8,
    "eccentricity": 0.577,
    "solidity": 1.0,
    "aspect_ratio": 1.22,
    "fill_ratio": 0.67,
    "local_bg_from_global_median": false,
    "match_status": "UNMATCHED",
    "match_distance_m": 434.9,
    "matched_name": null,
    "matched_mmsi": null,
    "matched_flag": null,
    "matched_type": null,
    "gfw_association": "associated",
    "gfw_lon": 79.31999969482422,
    "gfw_lat": 9.1,
    "id": "2026-01-30-G26",
    "date": "2026-01-30",
    "cluster_id": 38,
    "cluster_size": 1,
    "crop": "2026-01-30-G26.png",
    "confidence_class": "CLUTTER",
    "confidence": 4,
    "reasons": [
     "contrast 6.7 dB, 8 px",
     "contrast below 12 dB evidence threshold: not separable from sea clutter at the current bar"
    ],
    "score_basis": "heuristic evidence/ranking score 0-100 (not a calibrated probability)",
    "ais_evidence": "gfw_reported_no_ais"
   }
  },
  {
   "type": "Feature",
   "geometry": {
    "type": "Point",
    "coordinates": [
     78.86705824215413,
     9.127560177405764
    ]
   },
   "properties": {
    "row": 471.5,
    "col": 409.5,
    "area_px": 12,
    "mean_intensity_db": -8.118456967814375,
    "max_intensity_db": -4.130058442628524,
    "local_background_db": -18.25809580208385,
    "contrast_db": 10.139638834269476,
    "tcr_db": 14.1,
    "eccentricity": 0.0,
    "solidity": 1.0,
    "aspect_ratio": 1.0,
    "fill_ratio": 0.75,
    "local_bg_from_global_median": false,
    "match_status": "UNMATCHED",
    "match_distance_m": 422.0,
    "matched_name": null,
    "matched_mmsi": null,
    "matched_flag": null,
    "matched_type": null,
    "gfw_association": "associated",
    "gfw_lon": 78.87000274658203,
    "gfw_lat": 9.13,
    "id": "2026-01-30-G27",
    "date": "2026-01-30",
    "cluster_id": 39,
    "cluster_size": 1,
    "crop": "2026-01-30-G27.png",
    "confidence_class": "CLUTTER",
    "confidence": 11,
    "reasons": [
     "contrast 10.1 dB, 12 px",
     "contrast below 12 dB evidence threshold: not separable from sea clutter at the current bar"
    ],
    "score_basis": "heuristic evidence/ranking score 0-100 (not a calibrated probability)",
    "ais_evidence": "gfw_reported_no_ais"
   }
  },
  {
   "type": "Feature",
   "geometry": {
    "type": "Point",
    "coordinates": [
     79.35209326316351,
     9.154812788553874
    ]
   },
   "properties": {
    "row": 391.0,
    "col": 465.0,
    "area_px": 5,
    "mean_intensity_db": -8.419000413422516,
    "max_intensity_db": -7.046597282089749,
    "local_background_db": -17.40004745919727,
    "contrast_db": 8.981047045774755,
    "tcr_db": 10.4,
    "eccentricity": 0.0,
    "solidity": 1.0,
    "aspect_ratio": 1.0,
    "fill_ratio": 0.56,
    "local_bg_from_global_median": false,
    "match_status": "UNMATCHED",
    "match_distance_m": 582.5,
    "matched_name": null,
    "matched_mmsi": null,
    "matched_flag": null,
    "matched_type": null,
    "gfw_association": "associated",
    "gfw_lon": 79.3499984741211,
    "gfw_lat": 9.15,
    "id": "2026-01-30-G28",
    "date": "2026-01-30",
    "cluster_id": 40,
    "cluster_size": 1,
    "crop": "2026-01-30-G28.png",
    "confidence_class": "CLUTTER",
    "confidence": 7,
    "reasons": [
     "contrast 9.0 dB, 5 px",
     "contrast below 12 dB evidence threshold: not separable from sea clutter at the current bar"
    ],
    "score_basis": "heuristic evidence/ranking score 0-100 (not a calibrated probability)",
    "ais_evidence": "gfw_reported_no_ais"
   }
  },
  {
   "type": "Feature",
   "geometry": {
    "type": "Point",
    "coordinates": [
     79.21969731557716,
     9.19998809245756
    ]
   },
   "properties": {
    "row": 444.5730337078652,
    "col": 438.76404494382024,
    "area_px": 89,
    "mean_intensity_db": -9.65565802272553,
    "max_intensity_db": -5.2548405446599595,
    "local_background_db": -18.337084877323367,
    "contrast_db": 8.681426854597836,
    "tcr_db": 13.1,
    "eccentricity": 0.929,
    "solidity": 0.832,
    "aspect_ratio": 2.7,
    "fill_ratio": 0.47,
    "local_bg_from_global_median": false,
    "match_status": "UNMATCHED",
    "match_distance_m": 33.4,
    "matched_name": null,
    "matched_mmsi": null,
    "matched_flag": null,
    "matched_type": null,
    "gfw_association": "associated",
    "gfw_lon": 79.22000122070312,
    "gfw_lat": 9.2,
    "id": "2026-01-06-G09",
    "date": "2026-01-06",
    "cluster_id": 41,
    "cluster_size": 1,
    "crop": "2026-01-06-G09.png",
    "confidence_class": "CLUTTER",
    "confidence": 11,
    "reasons": [
     "contrast 8.7 dB, 89 px",
     "contrast below 12 dB evidence threshold: not separable from sea clutter at the current bar"
    ],
    "score_basis": "heuristic evidence/ranking score 0-100 (not a calibrated probability)",
    "ais_evidence": "gfw_reported_no_ais"
   }
  },
  {
   "type": "Feature",
   "geometry": {
    "type": "Point",
    "coordinates": [
     79.22786409099459,
     9.20002828148288
    ]
   },
   "properties": {
    "row": 444.5,
    "col": 418.0,
    "area_px": 8,
    "mean_intensity_db": -9.982107400627582,
    "max_intensity_db": -8.265794197755756,
    "local_background_db": -18.72937447153884,
    "contrast_db": 8.747267070911258,
    "tcr_db": 10.5,
    "eccentricity": 0.577,
    "solidity": 1.0,
    "aspect_ratio": 1.22,
    "fill_ratio": 0.67,
    "local_bg_from_global_median": false,
    "match_status": "UNMATCHED",
    "match_distance_m": 234.8,
    "matched_name": null,
    "matched_mmsi": null,
    "matched_flag": null,
    "matched_type": null,
    "gfw_association": "associated",
    "gfw_lon": 79.2300033569336,
    "gfw_lat": 9.2,
    "id": "2026-01-18-G05",
    "date": "2026-01-18",
    "cluster_id": 42,
    "cluster_size": 1,
    "crop": "2026-01-18-G05.png",
    "confidence_class": "CLUTTER",
    "confidence": 7,
    "reasons": [
     "contrast 8.7 dB, 8 px",
     "contrast below 12 dB evidence threshold: not separable from sea clutter at the current bar"
    ],
    "score_basis": "heuristic evidence/ranking score 0-100 (not a calibrated probability)",
    "ais_evidence": "gfw_reported_no_ais"
   }
  },
  {
   "type": "Feature",
   "geometry": {
    "type": "Point",
    "coordinates": [
     79.23173767141363,
     9.20786765687012
    ]
   },
   "properties": {
    "row": 468.0,
    "col": 461.0,
    "area_px": 5,
    "mean_intensity_db": -11.79283463688991,
    "max_intensity_db": -11.224925806236318,
    "local_background_db": -18.323242283002266,
    "contrast_db": 6.530407646112355,
    "tcr_db": 7.1,
    "eccentricity": 0.0,
    "solidity": 1.0,
    "aspect_ratio": 1.0,
    "fill_ratio": 0.56,
    "local_bg_from_global_median": false,
    "match_status": "UNMATCHED",
    "match_distance_m": 304.1,
    "matched_name": null,
    "matched_mmsi": null,
    "matched_flag": null,
    "matched_type": null,
    "gfw_association": "associated",
    "gfw_lon": 79.2300033569336,
    "gfw_lat": 9.21,
    "id": "2026-01-18-G06",
    "date": "2026-01-18",
    "cluster_id": 43,
    "cluster_size": 1,
    "crop": "2026-01-18-G06.png",
    "confidence_class": "CLUTTER",
    "confidence": 2,
    "reasons": [
     "contrast 6.5 dB, 5 px",
     "contrast below 12 dB evidence threshold: not separable from sea clutter at the current bar"
    ],
    "score_basis": "heuristic evidence/ranking score 0-100 (not a calibrated probability)",
    "ais_evidence": "gfw_reported_no_ais"
   }
  },
  {
   "type": "Feature",
   "geometry": {
    "type": "Point",
    "coordinates": [
     79.21916898627883,
     9.210246765361795
    ]
   },
   "properties": {
    "row": 442.0,
    "col": 433.0,
    "area_px": 5,
    "mean_intensity_db": -12.794300897762884,
    "max_intensity_db": -11.856157435714444,
    "local_background_db": -19.316975336541425,
    "contrast_db": 6.522674438778541,
    "tcr_db": 7.5,
    "eccentricity": 0.0,
    "solidity": 1.0,
    "aspect_ratio": 1.0,
    "fill_ratio": 0.56,
    "local_bg_from_global_median": false,
    "match_status": "UNMATCHED",
    "match_distance_m": 95.4,
    "matched_name": null,
    "matched_mmsi": null,
    "matched_flag": null,
    "matched_type": null,
    "gfw_association": "associated",
    "gfw_lon": 79.22000122070312,
    "gfw_lat": 9.21,
    "id": "2026-01-18-G07",
    "date": "2026-01-18",
    "cluster_id": 44,
    "cluster_size": 1,
    "crop": "2026-01-18-G07.png",
    "confidence_class": "CLUTTER",
    "confidence": 2,
    "reasons": [
     "contrast 6.5 dB, 5 px",
     "contrast below 12 dB evidence threshold: not separable from sea clutter at the current bar"
    ],
    "score_basis": "heuristic evidence/ranking score 0-100 (not a calibrated probability)",
    "ais_evidence": "gfw_reported_no_ais"
   }
  },
  {
   "type": "Feature",
   "geometry": {
    "type": "Point",
    "coordinates": [
     79.20924960248311,
     9.210514008796059
    ]
   },
   "properties": {
    "row": 438.5,
    "col": 434.0,
    "area_px": 8,
    "mean_intensity_db": -11.061738047321148,
    "max_intensity_db": -9.400307491668642,
    "local_background_db": -18.906162815498405,
    "contrast_db": 7.844424768177257,
    "tcr_db": 9.5,
    "eccentricity": 0.577,
    "solidity": 1.0,
    "aspect_ratio": 1.22,
    "fill_ratio": 0.67,
    "local_bg_from_global_median": false,
    "match_status": "UNMATCHED",
    "match_distance_m": 100.2,
    "matched_name": null,
    "matched_mmsi": null,
    "matched_flag": null,
    "matched_type": null,
    "gfw_association": "associated",
    "gfw_lon": 79.20999908447266,
    "gfw_lat": 9.21,
    "id": "2026-01-18-G08",
    "date": "2026-01-18",
    "cluster_id": 45,
    "cluster_size": 1,
    "crop": "2026-01-18-G08.png",
    "confidence_class": "CLUTTER",
    "confidence": 6,
    "reasons": [
     "contrast 7.8 dB, 8 px",
     "contrast below 12 dB evidence threshold: not separable from sea clutter at the current bar"
    ],
    "score_basis": "heuristic evidence/ranking score 0-100 (not a calibrated probability)",
    "ais_evidence": "gfw_reported_no_ais"
   }
  },
  {
   "type": "Feature",
   "geometry": {
    "type": "Point",
    "coordinates": [
     79.21878175538359,
     9.211087772519079
    ]
   },
   "properties": {
    "row": 543.75,
    "col": 539.3125,
    "area_px": 16,
    "mean_intensity_db": -9.56705601158314,
    "max_intensity_db": -7.17331378212209,
    "local_background_db": -17.310524054011633,
    "contrast_db": 7.743468042428493,
    "tcr_db": 10.1,
    "eccentricity": 0.941,
    "solidity": 0.762,
    "aspect_ratio": 2.97,
    "fill_ratio": 0.5,
    "local_bg_from_global_median": false,
    "match_status": "UNMATCHED",
    "match_distance_m": 180.4,
    "matched_name": null,
    "matched_mmsi": null,
    "matched_flag": null,
    "matched_type": null,
    "gfw_association": "associated",
    "gfw_lon": 79.22000122070312,
    "gfw_lat": 9.21,
    "id": "2026-01-06-G10",
    "date": "2026-01-06",
    "cluster_id": 46,
    "cluster_size": 1,
    "crop": "2026-01-06-G10.png",
    "confidence_class": "CLUTTER",
    "confidence": 8,
    "reasons": [
     "contrast 7.7 dB, 16 px",
     "contrast below 12 dB evidence threshold: not separable from sea clutter at the current bar"
    ],
    "score_basis": "heuristic evidence/ranking score 0-100 (not a calibrated probability)",
    "ais_evidence": "gfw_reported_no_ais"
   }
  },
  {
   "type": "Feature",
   "geometry": {
    "type": "Point",
    "coordinates": [
     79.22752958480795,
     9.2214986619942
    ]
   },
   "properties": {
    "row": 428.0,
    "col": 414.5,
    "area_px": 8,
    "mean_intensity_db": -8.580914893874901,
    "max_intensity_db": -6.842918712593871,
    "local_background_db": -17.24544839112426,
    "contrast_db": 8.664533497249359,
    "tcr_db": 10.4,
    "eccentricity": 0.577,
    "solidity": 1.0,
    "aspect_ratio": 1.22,
    "fill_ratio": 0.67,
    "local_bg_from_global_median": false,
    "match_status": "UNMATCHED",
    "match_distance_m": 318.6,
    "matched_name": null,
    "matched_mmsi": null,
    "matched_flag": null,
    "matched_type": null,
    "gfw_association": "associated",
    "gfw_lon": 79.2300033569336,
    "gfw_lat": 9.22,
    "id": "2026-01-18-G09",
    "date": "2026-01-18",
    "cluster_id": 47,
    "cluster_size": 1,
    "crop": "2026-01-18-G09.png",
    "confidence_class": "CLUTTER",
    "confidence": 7,
    "reasons": [
     "contrast 8.7 dB, 8 px",
     "contrast below 12 dB evidence threshold: not separable from sea clutter at the current bar"
    ],
    "score_basis": "heuristic evidence/ranking score 0-100 (not a calibrated probability)",
    "ais_evidence": "gfw_reported_no_ais"
   }
  },
  {
   "type": "Feature",
   "geometry": {
    "type": "Point",
    "coordinates": [
     79.22278997406637,
     9.222712063054194
    ]
   },
   "properties": {
    "row": 414.32,
    "col": 472.48,
    "area_px": 25,
    "mean_intensity_db": -4.929296537531657,
    "max_intensity_db": 1.237330304460463,
    "local_background_db": -18.02349025983493,
    "contrast_db": 13.094193722303272,
    "tcr_db": 19.3,
    "eccentricity": 0.861,
    "solidity": 0.962,
    "aspect_ratio": 1.97,
    "fill_ratio": 0.78,
    "local_bg_from_global_median": false,
    "match_status": "UNMATCHED",
    "match_distance_m": 429.7,
    "matched_name": null,
    "matched_mmsi": null,
    "matched_flag": null,
    "matched_type": null,
    "gfw_association": "associated",
    "gfw_lon": 79.22000122070312,
    "gfw_lat": 9.22,
    "id": "2026-01-18-G10",
    "date": "2026-01-18",
    "cluster_id": 48,
    "cluster_size": 1,
    "crop": "2026-01-18-G10.png",
    "confidence_class": "DARK_CANDIDATE",
    "confidence": 64,
    "reasons": [
     "contrast 13.1 dB, 25 px",
     "also flagged by GFW's SAR-presence algorithm on the same Sentinel-1 imagery (shared-sensor algorithmic agreement, not independent confirmation; lowered bar is experimental)",
     "GFW's SAR record here has no AIS identity -- GFW-reported absence, not a verified no-AIS observation"
    ],
    "score_basis": "heuristic evidence/ranking score 0-100 (not a calibrated probability)",
    "ais_evidence": "gfw_reported_no_ais"
   }
  },
  {
   "type": "Feature",
   "geometry": {
    "type": "Point",
    "coordinates": [
     79.36911165219361,
     9.304271524056707
    ]
   },
   "properties": {
    "row": 397.0,
    "col": 432.1,
    "area_px": 20,
    "mean_intensity_db": -7.22331844875625,
    "max_intensity_db": -4.2748702385509745,
    "local_background_db": -16.296538489788656,
    "contrast_db": 9.073220041032407,
    "tcr_db": 12.0,
    "eccentricity": 0.869,
    "solidity": 0.952,
    "aspect_ratio": 2.02,
    "fill_ratio": 0.57,
    "local_bg_from_global_median": false,
    "match_status": "UNMATCHED",
    "match_distance_m": 484.9,
    "matched_name": null,
    "matched_mmsi": null,
    "matched_flag": null,
    "matched_type": null,
    "gfw_association": "associated",
    "gfw_lon": 79.37000274658203,
    "gfw_lat": 9.3,
    "id": "2026-01-06-G11",
    "date": "2026-01-06",
    "cluster_id": 49,
    "cluster_size": 1,
    "crop": "2026-01-06-G11.png",
    "confidence_class": "CLUTTER",
    "confidence": 11,
    "reasons": [
     "contrast 9.1 dB, 20 px",
     "contrast below 12 dB evidence threshold: not separable from sea clutter at the current bar"
    ],
    "score_basis": "heuristic evidence/ranking score 0-100 (not a calibrated probability)",
    "ais_evidence": "gfw_reported_no_ais"
   }
  },
  {
   "type": "Feature",
   "geometry": {
    "type": "Point",
    "coordinates": [
     79.49477990919564,
     9.395559879013055
    ]
   },
   "properties": {
    "row": 493.5,
    "col": 494.0,
    "area_px": 8,
    "mean_intensity_db": -6.518600642434599,
    "max_intensity_db": -4.368574069258316,
    "local_background_db": -15.409509386061352,
    "contrast_db": 8.890908743626753,
    "tcr_db": 11.0,
    "eccentricity": 0.577,
    "solidity": 1.0,
    "aspect_ratio": 1.22,
    "fill_ratio": 0.67,
    "local_bg_from_global_median": false,
    "match_status": "UNMATCHED",
    "match_distance_m": 720.4,
    "matched_name": null,
    "matched_mmsi": null,
    "matched_flag": null,
    "matched_type": null,
    "gfw_association": "associated",
    "gfw_lon": 79.48999786376953,
    "gfw_lat": 9.4,
    "id": "2026-01-06-G12",
    "date": "2026-01-06",
    "cluster_id": 50,
    "cluster_size": 1,
    "crop": "2026-01-06-G12.png",
    "confidence_class": "CLUTTER",
    "confidence": 7,
    "reasons": [
     "contrast 8.9 dB, 8 px",
     "contrast below 12 dB evidence threshold: not separable from sea clutter at the current bar"
    ],
    "score_basis": "heuristic evidence/ranking score 0-100 (not a calibrated probability)",
    "ais_evidence": "gfw_reported_no_ais"
   }
  },
  {
   "type": "Feature",
   "geometry": {
    "type": "Point",
    "coordinates": [
     79.29682960307213,
     9.463683094573337
    ]
   },
   "properties": {
    "row": 515.0,
    "col": 516.0,
    "area_px": 5,
    "mean_intensity_db": -11.094499640167617,
    "max_intensity_db": -9.8350097172192,
    "local_background_db": -18.01653290760449,
    "contrast_db": 6.922033267436872,
    "tcr_db": 8.2,
    "eccentricity": 0.0,
    "solidity": 1.0,
    "aspect_ratio": 1.0,
    "fill_ratio": 0.56,
    "local_bg_from_global_median": false,
    "match_status": "UNMATCHED",
    "match_distance_m": 1026.8,
    "matched_name": null,
    "matched_mmsi": null,
    "matched_flag": null,
    "matched_type": null,
    "gfw_association": "associated",
    "gfw_lon": 79.29000091552734,
    "gfw_lat": 9.47,
    "id": "2026-01-18-G11",
    "date": "2026-01-18",
    "cluster_id": 51,
    "cluster_size": 1,
    "crop": "2026-01-18-G11.png",
    "confidence_class": "CLUTTER",
    "confidence": 3,
    "reasons": [
     "contrast 6.9 dB, 5 px",
     "contrast below 12 dB evidence threshold: not separable from sea clutter at the current bar"
    ],
    "score_basis": "heuristic evidence/ranking score 0-100 (not a calibrated probability)",
    "ais_evidence": "gfw_reported_no_ais"
   }
  },
  {
   "type": "Feature",
   "geometry": {
    "type": "Point",
    "coordinates": [
     79.27648024196107,
     9.490525770696832
    ]
   },
   "properties": {
    "row": 439.0,
    "col": 403.0,
    "area_px": 5,
    "mean_intensity_db": -11.38533426466875,
    "max_intensity_db": -10.129468342250274,
    "local_background_db": -18.275513074386403,
    "contrast_db": 6.8901788097176535,
    "tcr_db": 8.1,
    "eccentricity": 0.0,
    "solidity": 1.0,
    "aspect_ratio": 1.0,
    "fill_ratio": 0.56,
    "local_bg_from_global_median": false,
    "match_status": "UNMATCHED",
    "match_distance_m": 390.3,
    "matched_name": null,
    "matched_mmsi": null,
    "matched_flag": null,
    "matched_type": null,
    "gfw_association": "associated",
    "gfw_lon": 79.27999877929688,
    "gfw_lat": 9.49,
    "id": "2026-01-18-G12",
    "date": "2026-01-18",
    "cluster_id": 52,
    "cluster_size": 1,
    "crop": "2026-01-18-G12.png",
    "confidence_class": "CLUTTER",
    "confidence": 3,
    "reasons": [
     "contrast 6.9 dB, 5 px",
     "contrast below 12 dB evidence threshold: not separable from sea clutter at the current bar"
    ],
    "score_basis": "heuristic evidence/ranking score 0-100 (not a calibrated probability)",
    "ais_evidence": "gfw_reported_no_ais"
   }
  },
  {
   "type": "Feature",
   "geometry": {
    "type": "Point",
    "coordinates": [
     79.44256103820513,
     9.537474785677974
    ]
   },
   "properties": {
    "row": 472.25,
    "col": 469.0,
    "area_px": 36,
    "mean_intensity_db": -5.76377121096255,
    "max_intensity_db": 2.508133129812548,
    "local_background_db": -17.646686128847687,
    "contrast_db": 11.882914917885138,
    "tcr_db": 20.2,
    "eccentricity": 0.93,
    "solidity": 0.857,
    "aspect_ratio": 2.72,
    "fill_ratio": 0.65,
    "local_bg_from_global_median": false,
    "match_status": "UNMATCHED",
    "match_distance_m": 396.9,
    "matched_name": null,
    "matched_mmsi": null,
    "matched_flag": null,
    "matched_type": null,
    "gfw_association": "associated",
    "gfw_lon": 79.44000244140625,
    "gfw_lat": 9.54,
    "id": "2026-01-30-G29",
    "date": "2026-01-30",
    "cluster_id": 53,
    "cluster_size": 1,
    "crop": "2026-01-30-G29.png",
    "confidence_class": "CLUTTER",
    "confidence": 16,
    "reasons": [
     "contrast 11.9 dB, 36 px",
     "contrast below 12 dB evidence threshold: not separable from sea clutter at the current bar"
    ],
    "score_basis": "heuristic evidence/ranking score 0-100 (not a calibrated probability)",
    "ais_evidence": "gfw_reported_no_ais"
   }
  },
  {
   "type": "Feature",
   "geometry": {
    "type": "Point",
    "coordinates": [
     79.43219060092122,
     9.544503304788433
    ]
   },
   "properties": {
    "row": 395.0,
    "col": 465.5,
    "area_px": 8,
    "mean_intensity_db": -9.048557790721395,
    "max_intensity_db": -7.077111545463152,
    "local_background_db": -17.647189627762117,
    "contrast_db": 8.598631837040722,
    "tcr_db": 10.6,
    "eccentricity": 0.577,
    "solidity": 1.0,
    "aspect_ratio": 1.22,
    "fill_ratio": 0.67,
    "local_bg_from_global_median": false,
    "match_status": "UNMATCHED",
    "match_distance_m": 555.4,
    "matched_name": null,
    "matched_mmsi": null,
    "matched_flag": null,
    "matched_type": null,
    "gfw_association": "associated",
    "gfw_lon": 79.43000030517578,
    "gfw_lat": 9.54,
    "id": "2026-01-30-G30",
    "date": "2026-01-30",
    "cluster_id": 54,
    "cluster_size": 1,
    "crop": "2026-01-30-G30.png",
    "confidence_class": "CLUTTER",
    "confidence": 7,
    "reasons": [
     "contrast 8.6 dB, 8 px",
     "contrast below 12 dB evidence threshold: not separable from sea clutter at the current bar"
    ],
    "score_basis": "heuristic evidence/ranking score 0-100 (not a calibrated probability)",
    "ais_evidence": "gfw_reported_no_ais"
   }
  },
  {
   "type": "Feature",
   "geometry": {
    "type": "Point",
    "coordinates": [
     79.44453664826122,
     9.547016458839016
    ]
   },
   "properties": {
    "row": 478.0,
    "col": 490.6666666666667,
    "area_px": 24,
    "mean_intensity_db": -7.428110448980097,
    "max_intensity_db": -3.420546477365188,
    "local_background_db": -16.657549449048947,
    "contrast_db": 9.22943900006885,
    "tcr_db": 13.2,
    "eccentricity": 0.91,
    "solidity": 0.857,
    "aspect_ratio": 2.42,
    "fill_ratio": 0.67,
    "local_bg_from_global_median": false,
    "match_status": "UNMATCHED",
    "match_distance_m": 597.7,
    "matched_name": null,
    "matched_mmsi": null,
    "matched_flag": null,
    "matched_type": null,
    "gfw_association": "associated",
    "gfw_lon": 79.44000244140625,
    "gfw_lat": 9.55,
    "id": "2026-01-06-G13",
    "date": "2026-01-06",
    "cluster_id": 55,
    "cluster_size": 1,
    "crop": "2026-01-06-G13.png",
    "confidence_class": "CLUTTER",
    "confidence": 12,
    "reasons": [
     "contrast 9.2 dB, 24 px",
     "contrast below 12 dB evidence threshold: not separable from sea clutter at the current bar"
    ],
    "score_basis": "heuristic evidence/ranking score 0-100 (not a calibrated probability)",
    "ais_evidence": "gfw_reported_no_ais"
   }
  },
  {
   "type": "Feature",
   "geometry": {
    "type": "Point",
    "coordinates": [
     79.43102216581018,
     9.580771290748002
    ]
   },
   "properties": {
    "row": 436.0,
    "col": 452.0,
    "area_px": 5,
    "mean_intensity_db": -10.12769296241923,
    "max_intensity_db": -8.802522659225412,
    "local_background_db": -17.002001503678507,
    "contrast_db": 6.874308541259277,
    "tcr_db": 8.2,
    "eccentricity": 0.0,
    "solidity": 1.0,
    "aspect_ratio": 1.0,
    "fill_ratio": 0.56,
    "local_bg_from_global_median": false,
    "match_status": "UNMATCHED",
    "match_distance_m": 141.1,
    "matched_name": null,
    "matched_mmsi": null,
    "matched_flag": null,
    "matched_type": null,
    "gfw_association": "associated",
    "gfw_lon": 79.43000030517578,
    "gfw_lat": 9.58,
    "id": "2026-01-06-G14",
    "date": "2026-01-06",
    "cluster_id": 56,
    "cluster_size": 1,
    "crop": "2026-01-06-G14.png",
    "confidence_class": "CLUTTER",
    "confidence": 3,
    "reasons": [
     "contrast 6.9 dB, 5 px",
     "contrast below 12 dB evidence threshold: not separable from sea clutter at the current bar"
    ],
    "score_basis": "heuristic evidence/ranking score 0-100 (not a calibrated probability)",
    "ais_evidence": "gfw_reported_no_ais"
   }
  },
  {
   "type": "Feature",
   "geometry": {
    "type": "Point",
    "coordinates": [
     79.41802374324165,
     9.594274506065835
    ]
   },
   "properties": {
    "row": 397.0,
    "col": 420.0,
    "area_px": 5,
    "mean_intensity_db": -7.482378868500288,
    "max_intensity_db": -6.202067308414886,
    "local_background_db": -16.81410990323143,
    "contrast_db": 9.331731034731142,
    "tcr_db": 10.6,
    "eccentricity": 0.0,
    "solidity": 1.0,
    "aspect_ratio": 1.0,
    "fill_ratio": 0.56,
    "local_bg_from_global_median": false,
    "match_status": "UNMATCHED",
    "match_distance_m": 522.3,
    "matched_name": null,
    "matched_mmsi": null,
    "matched_flag": null,
    "matched_type": null,
    "gfw_association": "associated",
    "gfw_lon": 79.41999816894531,
    "gfw_lat": 9.59,
    "id": "2026-01-06-G15",
    "date": "2026-01-06",
    "cluster_id": 57,
    "cluster_size": 1,
    "crop": "2026-01-06-G15.png",
    "confidence_class": "CLUTTER",
    "confidence": 7,
    "reasons": [
     "contrast 9.3 dB, 5 px",
     "contrast below 12 dB evidence threshold: not separable from sea clutter at the current bar"
    ],
    "score_basis": "heuristic evidence/ranking score 0-100 (not a calibrated probability)",
    "ais_evidence": "gfw_reported_no_ais"
   }
  },
  {
   "type": "Feature",
   "geometry": {
    "type": "Point",
    "coordinates": [
     79.4041395365953,
     9.611886834114415
    ]
   },
   "properties": {
    "row": 423.5,
    "col": 376.5,
    "area_px": 12,
    "mean_intensity_db": -4.292756853932257,
    "max_intensity_db": 0.1881232196659235,
    "local_background_db": -16.56441648504623,
    "contrast_db": 12.271659631113973,
    "tcr_db": 16.8,
    "eccentricity": 0.0,
    "solidity": 1.0,
    "aspect_ratio": 1.0,
    "fill_ratio": 0.75,
    "local_bg_from_global_median": false,
    "match_status": "UNMATCHED",
    "match_distance_m": 676.3,
    "matched_name": null,
    "matched_mmsi": null,
    "matched_flag": null,
    "matched_type": null,
    "gfw_association": "associated",
    "gfw_lon": 79.41000366210938,
    "gfw_lat": 9.61,
    "id": "2026-01-06-G16",
    "date": "2026-01-06",
    "cluster_id": 58,
    "cluster_size": 1,
    "crop": "2026-01-06-G16.png",
    "confidence_class": "DARK_CANDIDATE",
    "confidence": 59,
    "reasons": [
     "contrast 12.3 dB, 12 px",
     "also flagged by GFW's SAR-presence algorithm on the same Sentinel-1 imagery (shared-sensor algorithmic agreement, not independent confirmation; lowered bar is experimental)",
     "GFW's SAR record here has no AIS identity -- GFW-reported absence, not a verified no-AIS observation"
    ],
    "score_basis": "heuristic evidence/ranking score 0-100 (not a calibrated probability)",
    "ais_evidence": "gfw_reported_no_ais"
   }
  },
  {
   "type": "Feature",
   "geometry": {
    "type": "Point",
    "coordinates": [
     79.41948519406156,
     9.62685931376985
    ]
   },
   "properties": {
    "row": 479.5,
    "col": 435.2,
    "area_px": 20,
    "mean_intensity_db": -5.324495314012853,
    "max_intensity_db": 1.6139625808174338,
    "local_background_db": -17.90640049112737,
    "contrast_db": 12.581905177114518,
    "tcr_db": 19.5,
    "eccentricity": 0.77,
    "solidity": 0.952,
    "aspect_ratio": 1.57,
    "fill_ratio": 0.67,
    "local_bg_from_global_median": false,
    "match_status": "UNMATCHED",
    "match_distance_m": 353.7,
    "matched_name": null,
    "matched_mmsi": null,
    "matched_flag": null,
    "matched_type": null,
    "gfw_association": "associated",
    "gfw_lon": 79.41999816894531,
    "gfw_lat": 9.63,
    "id": "2026-01-30-G31",
    "date": "2026-01-30",
    "cluster_id": 59,
    "cluster_size": 1,
    "crop": "2026-01-30-G31.png",
    "confidence_class": "DARK_CANDIDATE",
    "confidence": 63,
    "reasons": [
     "contrast 12.6 dB, 20 px",
     "also flagged by GFW's SAR-presence algorithm on the same Sentinel-1 imagery (shared-sensor algorithmic agreement, not independent confirmation; lowered bar is experimental)",
     "GFW's SAR record here has no AIS identity -- GFW-reported absence, not a verified no-AIS observation"
    ],
    "score_basis": "heuristic evidence/ranking score 0-100 (not a calibrated probability)",
    "ais_evidence": "gfw_reported_no_ais"
   }
  },
  {
   "type": "Feature",
   "geometry": {
    "type": "Point",
    "coordinates": [
     79.4091720152837,
     9.636457597747727
    ]
   },
   "properties": {
    "row": 373.0,
    "col": 432.0,
    "area_px": 5,
    "mean_intensity_db": -10.19526074060111,
    "max_intensity_db": -8.663605811942759,
    "local_background_db": -17.48728742078584,
    "contrast_db": 7.29202668018473,
    "tcr_db": 8.8,
    "eccentricity": 0.0,
    "solidity": 1.0,
    "aspect_ratio": 1.0,
    "fill_ratio": 0.56,
    "local_bg_from_global_median": false,
    "match_status": "UNMATCHED",
    "match_distance_m": 723.8,
    "matched_name": null,
    "matched_mmsi": null,
    "matched_flag": null,
    "matched_type": null,
    "gfw_association": "associated",
    "gfw_lon": 79.41000366210938,
    "gfw_lat": 9.63,
    "id": "2026-01-06-G17",
    "date": "2026-01-06",
    "cluster_id": 60,
    "cluster_size": 1,
    "crop": "2026-01-06-G17.png",
    "confidence_class": "CLUTTER",
    "confidence": 4,
    "reasons": [
     "contrast 7.3 dB, 5 px",
     "contrast below 12 dB evidence threshold: not separable from sea clutter at the current bar"
    ],
    "score_basis": "heuristic evidence/ranking score 0-100 (not a calibrated probability)",
    "ais_evidence": "gfw_reported_no_ais"
   }
  },
  {
   "type": "Feature",
   "geometry": {
    "type": "Point",
    "coordinates": [
     79.39999221156489,
     9.679978192957831
    ]
   },
   "properties": {
    "row": 445.0,
    "col": 441.0,
    "area_px": 5,
    "mean_intensity_db": -10.15015709792264,
    "max_intensity_db": -8.803367602168937,
    "local_background_db": -17.27007713623127,
    "contrast_db": 7.119920038308628,
    "tcr_db": 8.5,
    "eccentricity": 0.0,
    "solidity": 1.0,
    "aspect_ratio": 1.0,
    "fill_ratio": 0.56,
    "local_bg_from_global_median": false,
    "match_status": "UNMATCHED",
    "match_distance_m": 2.6,
    "matched_name": null,
    "matched_mmsi": null,
    "matched_flag": null,
    "matched_type": null,
    "gfw_association": "associated",
    "gfw_lon": 79.4000015258789,
    "gfw_lat": 9.68,
    "id": "2026-01-30-G32",
    "date": "2026-01-30",
    "cluster_id": 61,
    "cluster_size": 1,
    "crop": "2026-01-30-G32.png",
    "confidence_class": "CLUTTER",
    "confidence": 3,
    "reasons": [
     "contrast 7.1 dB, 5 px",
     "contrast below 12 dB evidence threshold: not separable from sea clutter at the current bar"
    ],
    "score_basis": "heuristic evidence/ranking score 0-100 (not a calibrated probability)",
    "ais_evidence": "gfw_reported_no_ais"
   }
  },
  {
   "type": "Feature",
   "geometry": {
    "type": "Point",
    "coordinates": [
     79.37381221181097,
     9.68035246144864
    ]
   },
   "properties": {
    "row": 440.5,
    "col": 482.7142857142857,
    "area_px": 14,
    "mean_intensity_db": -10.160483556344657,
    "max_intensity_db": -7.437782132072628,
    "local_background_db": -17.966564250959614,
    "contrast_db": 7.806080694614957,
    "tcr_db": 10.5,
    "eccentricity": 0.851,
    "solidity": 0.933,
    "aspect_ratio": 1.9,
    "fill_ratio": 0.58,
    "local_bg_from_global_median": false,
    "match_status": "UNMATCHED",
    "match_distance_m": 419.4,
    "matched_name": null,
    "matched_mmsi": null,
    "matched_flag": null,
    "matched_type": null,
    "gfw_association": "associated",
    "gfw_lon": 79.37000274658203,
    "gfw_lat": 9.68,
    "id": "2026-01-30-G33",
    "date": "2026-01-30",
    "cluster_id": 62,
    "cluster_size": 1,
    "crop": "2026-01-30-G33.png",
    "confidence_class": "CLUTTER",
    "confidence": 7,
    "reasons": [
     "contrast 7.8 dB, 14 px",
     "contrast below 12 dB evidence threshold: not separable from sea clutter at the current bar"
    ],
    "score_basis": "heuristic evidence/ranking score 0-100 (not a calibrated probability)",
    "ais_evidence": "gfw_reported_no_ais"
   }
  },
  {
   "type": "Feature",
   "geometry": {
    "type": "Point",
    "coordinates": [
     79.45037154641166,
     9.688367986872143
    ]
   },
   "properties": {
    "row": 462.94736842105266,
    "col": 444.7894736842105,
    "area_px": 19,
    "mean_intensity_db": -8.496186978330563,
    "max_intensity_db": -5.5362637245143445,
    "local_background_db": -16.964878337959174,
    "contrast_db": 8.468691359628611,
    "tcr_db": 11.4,
    "eccentricity": 0.808,
    "solidity": 0.95,
    "aspect_ratio": 1.7,
    "fill_ratio": 0.68,
    "local_bg_from_global_median": false,
    "match_status": "UNMATCHED",
    "match_distance_m": 186.1,
    "matched_name": null,
    "matched_mmsi": null,
    "matched_flag": null,
    "matched_type": null,
    "gfw_association": "associated",
    "gfw_lon": 79.44999694824219,
    "gfw_lat": 9.69,
    "id": "2026-01-06-G18",
    "date": "2026-01-06",
    "cluster_id": 63,
    "cluster_size": 1,
    "crop": "2026-01-06-G18.png",
    "confidence_class": "CLUTTER",
    "confidence": 10,
    "reasons": [
     "contrast 8.5 dB, 19 px",
     "contrast below 12 dB evidence threshold: not separable from sea clutter at the current bar"
    ],
    "score_basis": "heuristic evidence/ranking score 0-100 (not a calibrated probability)",
    "ais_evidence": "gfw_reported_no_ais"
   }
  },
  {
   "type": "Feature",
   "geometry": {
    "type": "Point",
    "coordinates": [
     79.43650116680682,
     9.690475914228776
    ]
   },
   "properties": {
    "row": 438.9375,
    "col": 402.6875,
    "area_px": 16,
    "mean_intensity_db": -9.417620963828053,
    "max_intensity_db": -8.119487752208437,
    "local_background_db": -16.696426757998367,
    "contrast_db": 7.278805794170314,
    "tcr_db": 8.6,
    "eccentricity": 0.909,
    "solidity": 0.842,
    "aspect_ratio": 2.4,
    "fill_ratio": 0.57,
    "local_bg_from_global_median": false,
    "match_status": "UNMATCHED",
    "match_distance_m": 387.4,
    "matched_name": null,
    "matched_mmsi": null,
    "matched_flag": null,
    "matched_type": null,
    "gfw_association": "associated",
    "gfw_lon": 79.44000244140625,
    "gfw_lat": 9.69,
    "id": "2026-01-06-G19",
    "date": "2026-01-06",
    "cluster_id": 64,
    "cluster_size": 1,
    "crop": "2026-01-06-G19.png",
    "confidence_class": "CLUTTER",
    "confidence": 7,
    "reasons": [
     "contrast 7.3 dB, 16 px",
     "contrast below 12 dB evidence threshold: not separable from sea clutter at the current bar"
    ],
    "score_basis": "heuristic evidence/ranking score 0-100 (not a calibrated probability)",
    "ais_evidence": "gfw_reported_no_ais"
   }
  },
  {
   "type": "Feature",
   "geometry": {
    "type": "Point",
    "coordinates": [
     79.3945481765739,
     9.694238143340112
    ]
   },
   "properties": {
    "row": 398.0,
    "col": 491.0,
    "area_px": 5,
    "mean_intensity_db": -10.629197850780306,
    "max_intensity_db": -9.548422449946514,
    "local_background_db": -18.062536767986167,
    "contrast_db": 7.433338917205861,
    "tcr_db": 8.5,
    "eccentricity": 0.0,
    "solidity": 1.0,
    "aspect_ratio": 1.0,
    "fill_ratio": 0.56,
    "local_bg_from_global_median": false,
    "match_status": "UNMATCHED",
    "match_distance_m": 686.1,
    "matched_name": null,
    "matched_mmsi": null,
    "matched_flag": null,
    "matched_type": null,
    "gfw_association": "associated",
    "gfw_lon": 79.38999938964844,
    "gfw_lat": 9.69,
    "id": "2026-01-30-G34",
    "date": "2026-01-30",
    "cluster_id": 65,
    "cluster_size": 1,
    "crop": "2026-01-30-G34.png",
    "confidence_class": "CLUTTER",
    "confidence": 4,
    "reasons": [
     "contrast 7.4 dB, 5 px",
     "contrast below 12 dB evidence threshold: not separable from sea clutter at the current bar"
    ],
    "score_basis": "heuristic evidence/ranking score 0-100 (not a calibrated probability)",
    "ais_evidence": "gfw_reported_no_ais"
   }
  },
  {
   "type": "Feature",
   "geometry": {
    "type": "Point",
    "coordinates": [
     79.41770660495419,
     9.701324241087457
    ]
   },
   "properties": {
    "row": 540.0,
    "col": 415.0,
    "area_px": 5,
    "mean_intensity_db": -10.54267350257148,
    "max_intensity_db": -9.608863096983457,
    "local_background_db": -17.791520900811587,
    "contrast_db": 7.248847398240107,
    "tcr_db": 8.2,
    "eccentricity": 0.0,
    "solidity": 1.0,
    "aspect_ratio": 1.0,
    "fill_ratio": 0.56,
    "local_bg_from_global_median": false,
    "match_status": "UNMATCHED",
    "match_distance_m": 996.9,
    "matched_name": null,
    "matched_mmsi": null,
    "matched_flag": null,
    "matched_type": null,
    "gfw_association": "associated",
    "gfw_lon": 79.41999816894531,
    "gfw_lat": 9.71,
    "id": "2026-01-06-G20",
    "date": "2026-01-06",
    "cluster_id": 66,
    "cluster_size": 1,
    "crop": "2026-01-06-G20.png",
    "confidence_class": "CLUTTER",
    "confidence": 4,
    "reasons": [
     "contrast 7.2 dB, 5 px",
     "contrast below 12 dB evidence threshold: not separable from sea clutter at the current bar"
    ],
    "score_basis": "heuristic evidence/ranking score 0-100 (not a calibrated probability)",
    "ais_evidence": "gfw_reported_no_ais"
   }
  },
  {
   "type": "Feature",
   "geometry": {
    "type": "Point",
    "coordinates": [
     79.40870715880479,
     9.706284037833038
    ]
   },
   "properties": {
    "row": 485.5,
    "col": 427.0,
    "area_px": 8,
    "mean_intensity_db": -9.947411951734097,
    "max_intensity_db": -8.607698713638237,
    "local_background_db": -17.835839831834978,
    "contrast_db": 7.888427880100881,
    "tcr_db": 9.2,
    "eccentricity": 0.577,
    "solidity": 1.0,
    "aspect_ratio": 1.22,
    "fill_ratio": 0.67,
    "local_bg_from_global_median": false,
    "match_status": "UNMATCHED",
    "match_distance_m": 436.9,
    "matched_name": null,
    "matched_mmsi": null,
    "matched_flag": null,
    "matched_type": null,
    "gfw_association": "associated",
    "gfw_lon": 79.41000366210938,
    "gfw_lat": 9.71,
    "id": "2026-01-30-G35",
    "date": "2026-01-30",
    "cluster_id": 67,
    "cluster_size": 1,
    "crop": "2026-01-30-G35.png",
    "confidence_class": "CLUTTER",
    "confidence": 6,
    "reasons": [
     "contrast 7.9 dB, 8 px",
     "contrast below 12 dB evidence threshold: not separable from sea clutter at the current bar"
    ],
    "score_basis": "heuristic evidence/ranking score 0-100 (not a calibrated probability)",
    "ais_evidence": "gfw_reported_no_ais"
   }
  },
  {
   "type": "Feature",
   "geometry": {
    "type": "Point",
    "coordinates": [
     79.40296547749969,
     9.711875889230981
    ]
   },
   "properties": {
    "row": 424.35714285714283,
    "col": 473.2857142857143,
    "area_px": 28,
    "mean_intensity_db": -8.783267242105296,
    "max_intensity_db": -5.037541743748932,
    "local_background_db": -17.547927571109074,
    "contrast_db": 8.764660329003778,
    "tcr_db": 12.5,
    "eccentricity": 0.934,
    "solidity": 0.933,
    "aspect_ratio": 2.81,
    "fill_ratio": 0.7,
    "local_bg_from_global_median": false,
    "match_status": "UNMATCHED",
    "match_distance_m": 386.1,
    "matched_name": null,
    "matched_mmsi": null,
    "matched_flag": null,
    "matched_type": null,
    "gfw_association": "associated",
    "gfw_lon": 79.4000015258789,
    "gfw_lat": 9.71,
    "id": "2026-01-30-G36",
    "date": "2026-01-30",
    "cluster_id": 68,
    "cluster_size": 1,
    "crop": "2026-01-30-G36.png",
    "confidence_class": "CLUTTER",
    "confidence": 11,
    "reasons": [
     "contrast 8.8 dB, 28 px",
     "contrast below 12 dB evidence threshold: not separable from sea clutter at the current bar"
    ],
    "score_basis": "heuristic evidence/ranking score 0-100 (not a calibrated probability)",
    "ais_evidence": "gfw_reported_no_ais"
   }
  },
  {
   "type": "Feature",
   "geometry": {
    "type": "Point",
    "coordinates": [
     79.38586991804478,
     9.717704837921815
    ]
   },
   "properties": {
    "row": 470.0,
    "col": 396.0,
    "area_px": 5,
    "mean_intensity_db": -7.988797816048752,
    "max_intensity_db": -6.445478937799293,
    "local_background_db": -17.67438069057055,
    "contrast_db": 9.6855828745218,
    "tcr_db": 11.2,
    "eccentricity": 0.0,
    "solidity": 1.0,
    "aspect_ratio": 1.0,
    "fill_ratio": 0.56,
    "local_bg_from_global_median": false,
    "match_status": "UNMATCHED",
    "match_distance_m": 519.6,
    "matched_name": null,
    "matched_mmsi": null,
    "matched_flag": null,
    "matched_type": null,
    "gfw_association": "associated",
    "gfw_lon": 79.38999938964844,
    "gfw_lat": 9.72,
    "id": "2026-01-30-G37",
    "date": "2026-01-30",
    "cluster_id": 69,
    "cluster_size": 1,
    "crop": "2026-01-30-G37.png",
    "confidence_class": "CLUTTER",
    "confidence": 8,
    "reasons": [
     "contrast 9.7 dB, 5 px",
     "contrast below 12 dB evidence threshold: not separable from sea clutter at the current bar"
    ],
    "score_basis": "heuristic evidence/ranking score 0-100 (not a calibrated probability)",
    "ais_evidence": "gfw_reported_no_ais"
   }
  },
  {
   "type": "Feature",
   "geometry": {
    "type": "Point",
    "coordinates": [
     79.41750099816495,
     9.721145632993053
    ]
   },
   "properties": {
    "row": 431.57894736842104,
    "col": 413.2631578947368,
    "area_px": 19,
    "mean_intensity_db": -9.381368138097214,
    "max_intensity_db": -7.172265146461174,
    "local_background_db": -17.579502716737686,
    "contrast_db": 8.198134578640472,
    "tcr_db": 10.4,
    "eccentricity": 0.926,
    "solidity": 0.864,
    "aspect_ratio": 2.64,
    "fill_ratio": 0.59,
    "local_bg_from_global_median": false,
    "match_status": "UNMATCHED",
    "match_distance_m": 301.9,
    "matched_name": null,
    "matched_mmsi": null,
    "matched_flag": null,
    "matched_type": null,
    "gfw_association": "associated",
    "gfw_lon": 79.41999816894531,
    "gfw_lat": 9.72,
    "id": "2026-01-30-G38",
    "date": "2026-01-30",
    "cluster_id": 70,
    "cluster_size": 1,
    "crop": "2026-01-30-G38.png",
    "confidence_class": "CLUTTER",
    "confidence": 9,
    "reasons": [
     "contrast 8.2 dB, 19 px",
     "contrast below 12 dB evidence threshold: not separable from sea clutter at the current bar"
    ],
    "score_basis": "heuristic evidence/ranking score 0-100 (not a calibrated probability)",
    "ais_evidence": "gfw_reported_no_ais"
   }
  },
  {
   "type": "Feature",
   "geometry": {
    "type": "Point",
    "coordinates": [
     79.39764005826416,
     9.727817363216303
    ]
   },
   "properties": {
    "row": 468.94736842105266,
    "col": 415.1842105263158,
    "area_px": 38,
    "mean_intensity_db": -7.986875164121425,
    "max_intensity_db": -3.6754573473425047,
    "local_background_db": -17.395419352439358,
    "contrast_db": 9.408544188317933,
    "tcr_db": 13.7,
    "eccentricity": 0.95,
    "solidity": 0.864,
    "aspect_ratio": 3.2,
    "fill_ratio": 0.63,
    "local_bg_from_global_median": false,
    "match_status": "UNMATCHED",
    "match_distance_m": 354.8,
    "matched_name": null,
    "matched_mmsi": null,
    "matched_flag": null,
    "matched_type": null,
    "gfw_association": "associated",
    "gfw_lon": 79.4000015258789,
    "gfw_lat": 9.73,
    "id": "2026-01-06-G21",
    "date": "2026-01-06",
    "cluster_id": 71,
    "cluster_size": 1,
    "crop": "2026-01-06-G21.png",
    "confidence_class": "CLUTTER",
    "confidence": 12,
    "reasons": [
     "contrast 9.4 dB, 38 px",
     "contrast below 12 dB evidence threshold: not separable from sea clutter at the current bar"
    ],
    "score_basis": "heuristic evidence/ranking score 0-100 (not a calibrated probability)",
    "ais_evidence": "gfw_reported_no_ais"
   }
  },
  {
   "type": "Feature",
   "geometry": {
    "type": "Point",
    "coordinates": [
     79.41233743133688,
     9.728780894602469
    ]
   },
   "properties": {
    "row": 457.8666666666667,
    "col": 467.0,
    "area_px": 15,
    "mean_intensity_db": -8.930160281242724,
    "max_intensity_db": -5.947322849944006,
    "local_background_db": -17.760911028643637,
    "contrast_db": 8.830750747400913,
    "tcr_db": 11.8,
    "eccentricity": 0.908,
    "solidity": 0.882,
    "aspect_ratio": 2.39,
    "fill_ratio": 0.71,
    "local_bg_from_global_median": false,
    "match_status": "UNMATCHED",
    "match_distance_m": 289.5,
    "matched_name": null,
    "matched_mmsi": null,
    "matched_flag": null,
    "matched_type": null,
    "gfw_association": "associated",
    "gfw_lon": 79.41000366210938,
    "gfw_lat": 9.73,
    "id": "2026-01-30-G39",
    "date": "2026-01-30",
    "cluster_id": 72,
    "cluster_size": 1,
    "crop": "2026-01-30-G39.png",
    "confidence_class": "CLUTTER",
    "confidence": 9,
    "reasons": [
     "contrast 8.8 dB, 15 px",
     "contrast below 12 dB evidence threshold: not separable from sea clutter at the current bar"
    ],
    "score_basis": "heuristic evidence/ranking score 0-100 (not a calibrated probability)",
    "ais_evidence": "gfw_reported_no_ais"
   }
  },
  {
   "type": "Feature",
   "geometry": {
    "type": "Point",
    "coordinates": [
     79.61113211311425,
     9.99284985346524
    ]
   },
   "properties": {
    "row": 412.5,
    "col": 453.0,
    "area_px": 8,
    "mean_intensity_db": -8.516666059048525,
    "max_intensity_db": -6.275740944084669,
    "local_background_db": -17.55123325367186,
    "contrast_db": 9.034567194623335,
    "tcr_db": 11.3,
    "eccentricity": 0.577,
    "solidity": 1.0,
    "aspect_ratio": 1.22,
    "fill_ratio": 0.67,
    "local_bg_from_global_median": false,
    "match_status": "UNMATCHED",
    "match_distance_m": 340.3,
    "matched_name": null,
    "matched_mmsi": null,
    "matched_flag": null,
    "matched_type": null,
    "gfw_association": "associated",
    "gfw_lon": 79.61000061035156,
    "gfw_lat": 9.99,
    "id": "2026-01-30-G40",
    "date": "2026-01-30",
    "cluster_id": 73,
    "cluster_size": 1,
    "crop": "2026-01-30-G40.png",
    "confidence_class": "CLUTTER",
    "confidence": 8,
    "reasons": [
     "contrast 9.0 dB, 8 px",
     "contrast below 12 dB evidence threshold: not separable from sea clutter at the current bar"
    ],
    "score_basis": "heuristic evidence/ranking score 0-100 (not a calibrated probability)",
    "ais_evidence": "gfw_reported_no_ais"
   }
  },
  {
   "type": "Feature",
   "geometry": {
    "type": "Point",
    "coordinates": [
     79.55178400891397,
     10.101352707652174
    ]
   },
   "properties": {
    "row": 540.8947368421053,
    "col": 570.3684210526316,
    "area_px": 38,
    "mean_intensity_db": -7.114020135968533,
    "max_intensity_db": -1.1176639230804999,
    "local_background_db": -17.827486606624873,
    "contrast_db": 10.71346647065634,
    "tcr_db": 16.7,
    "eccentricity": 0.952,
    "solidity": 0.884,
    "aspect_ratio": 3.26,
    "fill_ratio": 0.63,
    "local_bg_from_global_median": false,
    "match_status": "UNMATCHED",
    "match_distance_m": 246.2,
    "matched_name": null,
    "matched_mmsi": null,
    "matched_flag": null,
    "matched_type": null,
    "gfw_association": "associated",
    "gfw_lon": 79.55000305175781,
    "gfw_lat": 10.1,
    "id": "2026-01-06-G22",
    "date": "2026-01-06",
    "cluster_id": 74,
    "cluster_size": 1,
    "crop": "2026-01-06-G22.png",
    "confidence_class": "CLUTTER",
    "confidence": 14,
    "reasons": [
     "contrast 10.7 dB, 38 px",
     "contrast below 12 dB evidence threshold: not separable from sea clutter at the current bar"
    ],
    "score_basis": "heuristic evidence/ranking score 0-100 (not a calibrated probability)",
    "ais_evidence": "gfw_reported_no_ais"
   }
  },
  {
   "type": "Feature",
   "geometry": {
    "type": "Point",
    "coordinates": [
     79.55740015883117,
     10.106257534446456
    ]
   },
   "properties": {
    "row": 596.921052631579,
    "col": 522.1578947368421,
    "area_px": 38,
    "mean_intensity_db": -6.115447348510107,
    "max_intensity_db": 1.0968587911027257,
    "local_background_db": -17.604642703271843,
    "contrast_db": 11.489195354761737,
    "tcr_db": 18.7,
    "eccentricity": 0.939,
    "solidity": 0.884,
    "aspect_ratio": 2.9,
    "fill_ratio": 0.69,
    "local_bg_from_global_median": false,
    "match_status": "UNMATCHED",
    "match_distance_m": 504.0,
    "matched_name": null,
    "matched_mmsi": null,
    "matched_flag": null,
    "matched_type": null,
    "gfw_association": "associated",
    "gfw_lon": 79.55999755859375,
    "gfw_lat": 10.11,
    "id": "2026-01-06-G23",
    "date": "2026-01-06",
    "cluster_id": 75,
    "cluster_size": 1,
    "crop": "2026-01-06-G23.png",
    "confidence_class": "CLUTTER",
    "confidence": 15,
    "reasons": [
     "contrast 11.5 dB, 38 px",
     "contrast below 12 dB evidence threshold: not separable from sea clutter at the current bar"
    ],
    "score_basis": "heuristic evidence/ranking score 0-100 (not a calibrated probability)",
    "ais_evidence": "gfw_reported_no_ais"
   }
  },
  {
   "type": "Feature",
   "geometry": {
    "type": "Point",
    "coordinates": [
     79.55673468910801,
     10.115242110263985
    ]
   },
   "properties": {
    "row": 496.5217391304348,
    "col": 404.30434782608694,
    "area_px": 23,
    "mean_intensity_db": -5.6040404973415034,
    "max_intensity_db": 0.39922993906498677,
    "local_background_db": -17.593195607874282,
    "contrast_db": 11.989155110532778,
    "tcr_db": 18.0,
    "eccentricity": 0.8,
    "solidity": 0.92,
    "aspect_ratio": 1.67,
    "fill_ratio": 0.66,
    "local_bg_from_global_median": false,
    "match_status": "UNMATCHED",
    "match_distance_m": 638.3,
    "matched_name": null,
    "matched_mmsi": null,
    "matched_flag": null,
    "matched_type": null,
    "gfw_association": "associated",
    "gfw_lon": 79.55999755859375,
    "gfw_lat": 10.12,
    "id": "2026-01-06-G24",
    "date": "2026-01-06",
    "cluster_id": 76,
    "cluster_size": 1,
    "crop": "2026-01-06-G24.png",
    "confidence_class": "CLUTTER",
    "confidence": 16,
    "reasons": [
     "contrast 12.0 dB, 23 px",
     "contrast below 12 dB evidence threshold: not separable from sea clutter at the current bar"
    ],
    "score_basis": "heuristic evidence/ranking score 0-100 (not a calibrated probability)",
    "ais_evidence": "gfw_reported_no_ais"
   }
  },
  {
   "type": "Feature",
   "geometry": {
    "type": "Point",
    "coordinates": [
     79.52995080175623,
     10.124896477638066
    ]
   },
   "properties": {
    "row": 390.4347826086956,
    "col": 440.2608695652174,
    "area_px": 23,
    "mean_intensity_db": -8.441044685475186,
    "max_intensity_db": -4.705294029559056,
    "local_background_db": -17.79365600551527,
    "contrast_db": 9.352611320040085,
    "tcr_db": 13.1,
    "eccentricity": 0.849,
    "solidity": 0.958,
    "aspect_ratio": 1.89,
    "fill_ratio": 0.72,
    "local_bg_from_global_median": false,
    "match_status": "UNMATCHED",
    "match_distance_m": 544.5,
    "matched_name": null,
    "matched_mmsi": null,
    "matched_flag": null,
    "matched_type": null,
    "gfw_association": "associated",
    "gfw_lon": 79.52999877929688,
    "gfw_lat": 10.12,
    "id": "2026-01-06-G25",
    "date": "2026-01-06",
    "cluster_id": 77,
    "cluster_size": 1,
    "crop": "2026-01-06-G25.png",
    "confidence_class": "CLUTTER",
    "confidence": 12,
    "reasons": [
     "contrast 9.4 dB, 23 px",
     "contrast below 12 dB evidence threshold: not separable from sea clutter at the current bar"
    ],
    "score_basis": "heuristic evidence/ranking score 0-100 (not a calibrated probability)",
    "ais_evidence": "gfw_reported_no_ais"
   }
  },
  {
   "type": "Feature",
   "geometry": {
    "type": "Point",
    "coordinates": [
     79.88396298160586,
     10.129745782239361
    ]
   },
   "properties": {
    "row": 447.0,
    "col": 483.0,
    "area_px": 11,
    "mean_intensity_db": -7.034274956217217,
    "max_intensity_db": -3.946863497822638,
    "local_background_db": -15.518700568050424,
    "contrast_db": 8.484425611833206,
    "tcr_db": 11.6,
    "eccentricity": 0.756,
    "solidity": 1.0,
    "aspect_ratio": 1.53,
    "fill_ratio": 0.73,
    "local_bg_from_global_median": false,
    "match_status": "UNMATCHED",
    "match_distance_m": 435.0,
    "matched_name": null,
    "matched_mmsi": null,
    "matched_flag": null,
    "matched_type": null,
    "gfw_association": "associated",
    "gfw_lon": 79.87999725341797,
    "gfw_lat": 10.13,
    "id": "2026-01-30-G41",
    "date": "2026-01-30",
    "cluster_id": 78,
    "cluster_size": 1,
    "crop": "2026-01-30-G41.png",
    "confidence_class": "CLUTTER",
    "confidence": 8,
    "reasons": [
     "contrast 8.5 dB, 11 px",
     "contrast below 12 dB evidence threshold: not separable from sea clutter at the current bar"
    ],
    "score_basis": "heuristic evidence/ranking score 0-100 (not a calibrated probability)",
    "ais_evidence": "gfw_reported_no_ais"
   }
  },
  {
   "type": "Feature",
   "geometry": {
    "type": "Point",
    "coordinates": [
     79.7394799792258,
     10.163603031982019
    ]
   },
   "properties": {
    "row": 514.0,
    "col": 324.0,
    "area_px": 5,
    "mean_intensity_db": -9.098609761050511,
    "max_intensity_db": -8.347349639660035,
    "local_background_db": -16.480143324784297,
    "contrast_db": 7.381533563733786,
    "tcr_db": 8.1,
    "eccentricity": 0.0,
    "solidity": 1.0,
    "aspect_ratio": 1.0,
    "fill_ratio": 0.56,
    "local_bg_from_global_median": true,
    "match_status": "UNMATCHED",
    "match_distance_m": 1353.4,
    "matched_name": null,
    "matched_mmsi": null,
    "matched_flag": null,
    "matched_type": null,
    "gfw_association": "associated",
    "gfw_lon": 79.75,
    "gfw_lat": 10.17,
    "id": "2026-01-06-G26",
    "date": "2026-01-06",
    "cluster_id": 79,
    "cluster_size": 1,
    "crop": "2026-01-06-G26.png",
    "confidence_class": "CLUTTER",
    "confidence": 4,
    "reasons": [
     "contrast 7.4 dB, 5 px",
     "contrast below 12 dB evidence threshold: not separable from sea clutter at the current bar"
    ],
    "score_basis": "heuristic evidence/ranking score 0-100 (not a calibrated probability)",
    "ais_evidence": "gfw_reported_no_ais"
   }
  },
  {
   "type": "Feature",
   "geometry": {
    "type": "Point",
    "coordinates": [
     79.74942724392682,
     10.180487032683255
    ]
   },
   "properties": {
    "row": 438.5,
    "col": 434.0,
    "area_px": 8,
    "mean_intensity_db": -9.16634203294766,
    "max_intensity_db": -7.382640544571906,
    "local_background_db": -17.48392347816663,
    "contrast_db": 8.31758144521897,
    "tcr_db": 10.1,
    "eccentricity": 0.577,
    "solidity": 1.0,
    "aspect_ratio": 1.22,
    "fill_ratio": 0.67,
    "local_bg_from_global_median": false,
    "match_status": "UNMATCHED",
    "match_distance_m": 82.8,
    "matched_name": null,
    "matched_mmsi": null,
    "matched_flag": null,
    "matched_type": null,
    "gfw_association": "associated",
    "gfw_lon": 79.75,
    "gfw_lat": 10.18,
    "id": "2026-01-30-G42",
    "date": "2026-01-30",
    "cluster_id": 80,
    "cluster_size": 1,
    "crop": "2026-01-30-G42.png",
    "confidence_class": "CLUTTER",
    "confidence": 6,
    "reasons": [
     "contrast 8.3 dB, 8 px",
     "contrast below 12 dB evidence threshold: not separable from sea clutter at the current bar"
    ],
    "score_basis": "heuristic evidence/ranking score 0-100 (not a calibrated probability)",
    "ais_evidence": "gfw_reported_no_ais"
   }
  },
  {
   "type": "Feature",
   "geometry": {
    "type": "Point",
    "coordinates": [
     79.91640501290458,
     10.206195142916275
    ]
   },
   "properties": {
    "row": 376.0,
    "col": 510.0,
    "area_px": 5,
    "mean_intensity_db": -5.745751341106906,
    "max_intensity_db": -4.094523406376771,
    "local_background_db": -15.142620518814836,
    "contrast_db": 9.39686917770793,
    "tcr_db": 11.0,
    "eccentricity": 0.0,
    "solidity": 1.0,
    "aspect_ratio": 1.0,
    "fill_ratio": 0.56,
    "local_bg_from_global_median": false,
    "match_status": "UNMATCHED",
    "match_distance_m": 982.5,
    "matched_name": null,
    "matched_mmsi": null,
    "matched_flag": null,
    "matched_type": null,
    "gfw_association": "associated",
    "gfw_lon": 79.91000366210938,
    "gfw_lat": 10.2,
    "id": "2026-01-06-G27",
    "date": "2026-01-06",
    "cluster_id": 81,
    "cluster_size": 1,
    "crop": "2026-01-06-G27.png",
    "confidence_class": "CLUTTER",
    "confidence": 7,
    "reasons": [
     "contrast 9.4 dB, 5 px",
     "contrast below 12 dB evidence threshold: not separable from sea clutter at the current bar"
    ],
    "score_basis": "heuristic evidence/ranking score 0-100 (not a calibrated probability)",
    "ais_evidence": "gfw_reported_no_ais"
   }
  },
  {
   "type": "Feature",
   "geometry": {
    "type": "Point",
    "coordinates": [
     79.7483311072677,
     10.21092889727661
    ]
   },
   "properties": {
    "row": 545.0,
    "col": 532.0,
    "area_px": 13,
    "mean_intensity_db": -5.096067991840744,
    "max_intensity_db": -0.5648855087313082,
    "local_background_db": -15.617213713312283,
    "contrast_db": 10.52114572147154,
    "tcr_db": 15.1,
    "eccentricity": 0.0,
    "solidity": 1.0,
    "aspect_ratio": 1.0,
    "fill_ratio": 0.52,
    "local_bg_from_global_median": false,
    "match_status": "UNMATCHED",
    "match_distance_m": 209.8,
    "matched_name": null,
    "matched_mmsi": null,
    "matched_flag": null,
    "matched_type": null,
    "gfw_association": "associated",
    "gfw_lon": 79.75,
    "gfw_lat": 10.21,
    "id": "2026-01-06-G28",
    "date": "2026-01-06",
    "cluster_id": 82,
    "cluster_size": 1,
    "crop": "2026-01-06-G28.png",
    "confidence_class": "CLUTTER",
    "confidence": 12,
    "reasons": [
     "contrast 10.5 dB, 13 px",
     "contrast below 12 dB evidence threshold: not separable from sea clutter at the current bar"
    ],
    "score_basis": "heuristic evidence/ranking score 0-100 (not a calibrated probability)",
    "ais_evidence": "gfw_reported_no_ais"
   }
  },
  {
   "type": "Feature",
   "geometry": {
    "type": "Point",
    "coordinates": [
     79.77590671846541,
     10.224216219277475
    ]
   },
   "properties": {
    "row": 397.2142857142857,
    "col": 395.64285714285717,
    "area_px": 14,
    "mean_intensity_db": -5.96721702332448,
    "max_intensity_db": -1.9228415746050722,
    "local_background_db": -16.767083761084148,
    "contrast_db": 10.799866737759668,
    "tcr_db": 14.8,
    "eccentricity": 0.629,
    "solidity": 1.0,
    "aspect_ratio": 1.29,
    "fill_ratio": 0.7,
    "local_bg_from_global_median": false,
    "match_status": "UNMATCHED",
    "match_distance_m": 648.3,
    "matched_name": null,
    "matched_mmsi": null,
    "matched_flag": null,
    "matched_type": null,
    "gfw_association": "associated",
    "gfw_lon": 79.77999877929688,
    "gfw_lat": 10.22,
    "id": "2026-01-06-G29",
    "date": "2026-01-06",
    "cluster_id": 83,
    "cluster_size": 1,
    "crop": "2026-01-06-G29.png",
    "confidence_class": "CLUTTER",
    "confidence": 12,
    "reasons": [
     "contrast 10.8 dB, 14 px",
     "contrast below 12 dB evidence threshold: not separable from sea clutter at the current bar"
    ],
    "score_basis": "heuristic evidence/ranking score 0-100 (not a calibrated probability)",
    "ais_evidence": "gfw_reported_no_ais"
   }
  },
  {
   "type": "Feature",
   "geometry": {
    "type": "Point",
    "coordinates": [
     79.56327207940028,
     10.232797738660533
    ]
   },
   "properties": {
    "row": 413.5,
    "col": 476.0,
    "area_px": 26,
    "mean_intensity_db": -6.976292424972159,
    "max_intensity_db": -1.597129835563495,
    "local_background_db": -18.752339664061644,
    "contrast_db": 11.776047239089486,
    "tcr_db": 17.2,
    "eccentricity": 0.759,
    "solidity": 0.929,
    "aspect_ratio": 1.54,
    "fill_ratio": 0.65,
    "local_bg_from_global_median": false,
    "match_status": "UNMATCHED",
    "match_distance_m": 474.5,
    "matched_name": null,
    "matched_mmsi": null,
    "matched_flag": null,
    "matched_type": null,
    "gfw_association": "associated",
    "gfw_lon": 79.55999755859375,
    "gfw_lat": 10.23,
    "id": "2026-01-30-G43",
    "date": "2026-01-30",
    "cluster_id": 84,
    "cluster_size": 1,
    "crop": "2026-01-30-G43.png",
    "confidence_class": "CLUTTER",
    "confidence": 16,
    "reasons": [
     "contrast 11.8 dB, 26 px",
     "contrast below 12 dB evidence threshold: not separable from sea clutter at the current bar"
    ],
    "score_basis": "heuristic evidence/ranking score 0-100 (not a calibrated probability)",
    "ais_evidence": "gfw_reported_no_ais"
   }
  },
  {
   "type": "Feature",
   "geometry": {
    "type": "Point",
    "coordinates": [
     79.64347117934854,
     10.24226098396345
    ]
   },
   "properties": {
    "row": 419.6470588235294,
    "col": 478.0,
    "area_px": 17,
    "mean_intensity_db": -6.953944854031998,
    "max_intensity_db": -1.449094512780011,
    "local_background_db": -18.61947932160402,
    "contrast_db": 11.665534467572023,
    "tcr_db": 17.2,
    "eccentricity": 0.297,
    "solidity": 1.0,
    "aspect_ratio": 1.05,
    "fill_ratio": 0.68,
    "local_bg_from_global_median": false,
    "match_status": "UNMATCHED",
    "match_distance_m": 455.6,
    "matched_name": null,
    "matched_mmsi": null,
    "matched_flag": null,
    "matched_type": null,
    "gfw_association": "associated",
    "gfw_lon": 79.63999938964844,
    "gfw_lat": 10.24,
    "id": "2026-01-30-G44",
    "date": "2026-01-30",
    "cluster_id": 85,
    "cluster_size": 1,
    "crop": "2026-01-30-G44.png",
    "confidence_class": "CLUTTER",
    "confidence": 15,
    "reasons": [
     "contrast 11.7 dB, 17 px",
     "contrast below 12 dB evidence threshold: not separable from sea clutter at the current bar"
    ],
    "score_basis": "heuristic evidence/ranking score 0-100 (not a calibrated probability)",
    "ais_evidence": "gfw_reported_no_ais"
   }
  },
  {
   "type": "Feature",
   "geometry": {
    "type": "Point",
    "coordinates": [
     79.46261790862803,
     10.264667458636863
    ]
   },
   "properties": {
    "row": 393.1290322580645,
    "col": 469.7096774193548,
    "area_px": 31,
    "mean_intensity_db": -4.987953473315117,
    "max_intensity_db": 4.068480960023882,
    "local_background_db": -18.742744882293167,
    "contrast_db": 13.75479140897805,
    "tcr_db": 22.8,
    "eccentricity": 0.606,
    "solidity": 0.969,
    "aspect_ratio": 1.26,
    "fill_ratio": 0.74,
    "local_bg_from_global_median": false,
    "match_status": "UNMATCHED",
    "match_distance_m": 592.8,
    "matched_name": null,
    "matched_mmsi": null,
    "matched_flag": null,
    "matched_type": null,
    "gfw_association": "associated",
    "gfw_lon": 79.45999908447266,
    "gfw_lat": 10.26,
    "id": "2026-01-06-G30",
    "date": "2026-01-06",
    "cluster_id": 86,
    "cluster_size": 1,
    "crop": "2026-01-06-G30.png",
    "confidence_class": "DARK_CANDIDATE",
    "confidence": 66,
    "reasons": [
     "contrast 13.8 dB, 31 px",
     "also flagged by GFW's SAR-presence algorithm on the same Sentinel-1 imagery (shared-sensor algorithmic agreement, not independent confirmation; lowered bar is experimental)",
     "GFW's SAR record here has no AIS identity -- GFW-reported absence, not a verified no-AIS observation"
    ],
    "score_basis": "heuristic evidence/ranking score 0-100 (not a calibrated probability)",
    "ais_evidence": "gfw_reported_no_ais"
   }
  },
  {
   "type": "Feature",
   "geometry": {
    "type": "Point",
    "coordinates": [
     79.53350288744225,
     10.279690079768024
    ]
   },
   "properties": {
    "row": 448.4054054054054,
    "col": 478.2432432432432,
    "area_px": 37,
    "mean_intensity_db": -5.828915049041122,
    "max_intensity_db": 0.9835733713869135,
    "local_background_db": -19.13904760572866,
    "contrast_db": 13.310132556687538,
    "tcr_db": 20.1,
    "eccentricity": 0.877,
    "solidity": 0.949,
    "aspect_ratio": 2.08,
    "fill_ratio": 0.74,
    "local_bg_from_global_median": false,
    "match_status": "UNMATCHED",
    "match_distance_m": 384.9,
    "matched_name": null,
    "matched_mmsi": null,
    "matched_flag": null,
    "matched_type": null,
    "gfw_association": "associated",
    "gfw_lon": 79.52999877929688,
    "gfw_lat": 10.28,
    "id": "2026-01-30-G45",
    "date": "2026-01-30",
    "cluster_id": 87,
    "cluster_size": 1,
    "crop": "2026-01-30-G45.png",
    "confidence_class": "DARK_CANDIDATE",
    "confidence": 65,
    "reasons": [
     "contrast 13.3 dB, 37 px",
     "also flagged by GFW's SAR-presence algorithm on the same Sentinel-1 imagery (shared-sensor algorithmic agreement, not independent confirmation; lowered bar is experimental)",
     "GFW's SAR record here has no AIS identity -- GFW-reported absence, not a verified no-AIS observation"
    ],
    "score_basis": "heuristic evidence/ranking score 0-100 (not a calibrated probability)",
    "ais_evidence": "gfw_reported_no_ais"
   }
  },
  {
   "type": "Feature",
   "geometry": {
    "type": "Point",
    "coordinates": [
     79.95529404702592,
     10.289698587301157
    ]
   },
   "properties": {
    "row": 447.0,
    "col": 498.0,
    "area_px": 5,
    "mean_intensity_db": -7.247852947415862,
    "max_intensity_db": -6.316358726948293,
    "local_background_db": -14.833487807995633,
    "contrast_db": 7.585634860579771,
    "tcr_db": 8.5,
    "eccentricity": 0.0,
    "solidity": 1.0,
    "aspect_ratio": 1.0,
    "fill_ratio": 0.56,
    "local_bg_from_global_median": false,
    "match_status": "UNMATCHED",
    "match_distance_m": 580.5,
    "matched_name": null,
    "matched_mmsi": null,
    "matched_flag": null,
    "matched_type": null,
    "gfw_association": "associated",
    "gfw_lon": 79.94999694824219,
    "gfw_lat": 10.29,
    "id": "2026-01-06-G31",
    "date": "2026-01-06",
    "cluster_id": 88,
    "cluster_size": 1,
    "crop": "2026-01-06-G31.png",
    "confidence_class": "CLUTTER",
    "confidence": 4,
    "reasons": [
     "contrast 7.6 dB, 5 px",
     "contrast below 12 dB evidence threshold: not separable from sea clutter at the current bar"
    ],
    "score_basis": "heuristic evidence/ranking score 0-100 (not a calibrated probability)",
    "ais_evidence": "gfw_reported_no_ais"
   }
  }
 ]
}